Workbook

Sheet グラフ
B5: 22年労働力調査_基本集計全都道府県全国年次
A6: 実数 | F6: 全体 | M6: 男女別
B7: 産業 | C7: 就業者全体 | E7: 万人 | J7: 単位：万人 | Q7: 単位：万人
C8: 全体 | D8: 男性 | E8: 女性
B9: 15～19歳 | C9: =_xlfn.XLOOKUP($C$7,'ローデータ＋比率'!$DK$10:$HE$10,'ローデータ＋比率'!O13:DI13,"") -> 106 | D9: =_xlfn.XLOOKUP($C$7,'ローデータ＋比率'!$DK$10:$HE$10,'ローデータ＋比率'!O27:DI27,"") -> 51 | E9: =_xlfn.XLOOKUP($C$7,'ローデータ＋比率'!$DK$10:$HE$10,'ローデータ＋比率'!O40:DI40,"") -> 55
B10: 20～24歳 | C10: =_xlfn.XLOOKUP($C$7,'ローデータ＋比率'!$DK$10:$HE$10,'ローデータ＋比率'!O14:DI14,"") -> 441 | D10: =_xlfn.XLOOKUP($C$7,'ローデータ＋比率'!$DK$10:$HE$10,'ローデータ＋比率'!O28:DI28,"") -> 222 | E10: =_xlfn.XLOOKUP($C$7,'ローデータ＋比率'!$DK$10:$HE$10,'ローデータ＋比率'!O41:DI41,"") -> 219
B11: 25～29歳 | C11: =_xlfn.XLOOKUP($C$7,'ローデータ＋比率'!$DK$10:$HE$10,'ローデータ＋比率'!O15:DI15,"") -> 558 | D11: =_xlfn.XLOOKUP($C$7,'ローデータ＋比率'!$DK$10:$HE$10,'ローデータ＋比率'!O29:DI29,"") -> 295 | E11: =_xlfn.XLOOKUP($C$7,'ローデータ＋比率'!$DK$10:$HE$10,'ローデータ＋比率'!O42:DI42,"") -> 263
B12: 30～34歳 | C12: =_xlfn.XLOOKUP($C$7,'ローデータ＋比率'!$DK$10:$HE$10,'ローデータ＋比率'!O16:DI16,"") -> 552 | D12: =_xlfn.XLOOKUP($C$7,'ローデータ＋比率'!$DK$10:$HE$10,'ローデータ＋比率'!O30:DI30,"") -> 305 | E12: =_xlfn.XLOOKUP($C$7,'ローデータ＋比率'!$DK$10:$HE$10,'ローデータ＋比率'!O43:DI43,"") -> 247
B13: 35～39歳 | C13: =_xlfn.XLOOKUP($C$7,'ローデータ＋比率'!$DK$10:$HE$10,'ローデータ＋比率'!O17:DI17,"") -> 619 | D13: =_xlfn.XLOOKUP($C$7,'ローデータ＋比率'!$DK$10:$HE$10,'ローデータ＋比率'!O31:DI31,"") -> 345 | E13: =_xlfn.XLOOKUP($C$7,'ローデータ＋比率'!$DK$10:$HE$10,'ローデータ＋比率'!O44:DI44,"") -> 274
B14: 40～44歳 | C14: =_xlfn.XLOOKUP($C$7,'ローデータ＋比率'!$DK$10:$HE$10,'ローデータ＋比率'!O18:DI18,"") -> 694 | D14: =_xlfn.XLOOKUP($C$7,'ローデータ＋比率'!$DK$10:$HE$10,'ローデータ＋比率'!O32:DI32,"") -> 380 | E14: =_xlfn.XLOOKUP($C$7,'ローデータ＋比率'!$DK$10:$HE$10,'ローデータ＋比率'!O45:DI45,"") -> 314
B15: 45～49歳 | C15: =_xlfn.XLOOKUP($C$7,'ローデータ＋比率'!$DK$10:$HE$10,'ローデータ＋比率'!O19:DI19,"") -> 830 | D15: =_xlfn.XLOOKUP($C$7,'ローデータ＋比率'!$DK$10:$HE$10,'ローデータ＋比率'!O33:DI33,"") -> 452 | E15: =_xlfn.XLOOKUP($C$7,'ローデータ＋比率'!$DK$10:$HE$10,'ローデータ＋比率'!O46:DI46,"") -> 378
B16: 50～54歳 | C16: =_xlfn.XLOOKUP($C$7,'ローデータ＋比率'!$DK$10:$HE$10,'ローデータ＋比率'!O20:DI20,"") -> 806 | D16: =_xlfn.XLOOKUP($C$7,'ローデータ＋比率'!$DK$10:$HE$10,'ローデータ＋比率'!O34:DI34,"") -> 438 | E16: =_xlfn.XLOOKUP($C$7,'ローデータ＋比率'!$DK$10:$HE$10,'ローデータ＋比率'!O47:DI47,"") -> 369
B17: 55～59歳 | C17: =_xlfn.XLOOKUP($C$7,'ローデータ＋比率'!$DK$10:$HE$10,'ローデータ＋比率'!O21:DI21,"") -> 662 | D17: =_xlfn.XLOOKUP($C$7,'ローデータ＋比率'!$DK$10:$HE$10,'ローデータ＋比率'!O35:DI35,"") -> 365 | E17: =_xlfn.XLOOKUP($C$7,'ローデータ＋比率'!$DK$10:$HE$10,'ローデータ＋比率'!O48:DI48,"") -> 296
B18: 60～64歳 | C18: =_xlfn.XLOOKUP($C$7,'ローデータ＋比率'!$DK$10:$HE$10,'ローデータ＋比率'!O22:DI22,"") -> 542 | D18: =_xlfn.XLOOKUP($C$7,'ローデータ＋比率'!$DK$10:$HE$10,'ローデータ＋比率'!O36:DI36,"") -> 308 | E18: =_xlfn.XLOOKUP($C$7,'ローデータ＋比率'!$DK$10:$HE$10,'ローデータ＋比率'!O49:DI49,"") -> 235
B19: 65歳以上 | C19: =_xlfn.XLOOKUP($C$7,'ローデータ＋比率'!$DK$10:$HE$10,'ローデータ＋比率'!O23:DI23,"") -> 912 | D19: =_xlfn.XLOOKUP($C$7,'ローデータ＋比率'!$DK$10:$HE$10,'ローデータ＋比率'!O37:DI37,"") -> 538 | E19: =_xlfn.XLOOKUP($C$7,'ローデータ＋比率'!$DK$10:$HE$10,'ローデータ＋比率'!O50:DI50,"") -> 375
B20: 15～64歳 | C20: =_xlfn.XLOOKUP($C$7,'ローデータ＋比率'!$DK$10:$HE$10,'ローデータ＋比率'!O24:DI24,"") -> 5810 | D20: =_xlfn.XLOOKUP($C$7,'ローデータ＋比率'!$DK$10:$HE$10,'ローデータ＋比率'!O26:DI26,"") -> 3161 | E20: =_xlfn.XLOOKUP($C$7,'ローデータ＋比率'!$DK$10:$HE$10,'ローデータ＋比率'!O39:DI39,"") -> 2649
C21: =SUM(C9:C19) -> 6722 | D21: =SUM(D9:D19) -> 3699 | E21: =SUM(E9:E19) -> 3025
A36: 比率 | F36: 全体 | M36: 男女別
C38: 全体 | D38: 男性 | E38: 女性
B39: 15～19歳 | C39: =_xlfn.XLOOKUP($C$7,'ローデータ＋比率'!$DK$10:$HE$10,'ローデータ＋比率'!$DK13:$HE13,"") -> 0.015766771 | D39: =_xlfn.XLOOKUP($C$7,'ローデータ＋比率'!$DK$10:$HE$10,'ローデータ＋比率'!$DK27:$HE27,"") -> 0.01378751 | E39: =_xlfn.XLOOKUP($C$7,'ローデータ＋比率'!$DK$10:$HE$10,'ローデータ＋比率'!$DK40:$HE40,"") -> 0.018187831
B40: 20～24歳 | C40: =_xlfn.XLOOKUP($C$7,'ローデータ＋比率'!$DK$10:$HE$10,'ローデータ＋比率'!$DK14:$HE14,"") -> 0.065595716 | D40: =_xlfn.XLOOKUP($C$7,'ローデータ＋比率'!$DK$10:$HE$10,'ローデータ＋比率'!$DK28:$HE28,"") -> 0.060016221 | E40: =_xlfn.XLOOKUP($C$7,'ローデータ＋比率'!$DK$10:$HE$10,'ローデータ＋比率'!$DK41:$HE41,"") -> 0.072420635
B41: 25～29歳 | C41: =_xlfn.XLOOKUP($C$7,'ローデータ＋比率'!$DK$10:$HE$10,'ローデータ＋比率'!$DK15:$HE15,"") -> 0.082998661 | D41: =_xlfn.XLOOKUP($C$7,'ローデータ＋比率'!$DK$10:$HE$10,'ローデータ＋比率'!$DK29:$HE29,"") -> 0.079751284 | E41: =_xlfn.XLOOKUP($C$7,'ローデータ＋比率'!$DK$10:$HE$10,'ローデータ＋比率'!$DK42:$HE42,"") -> 0.086970899
B42: 30～34歳 | C42: =_xlfn.XLOOKUP($C$7,'ローデータ＋比率'!$DK$10:$HE$10,'ローデータ＋比率'!$DK16:$HE16,"") -> 0.082106203 | D42: =_xlfn.XLOOKUP($C$7,'ローデータ＋比率'!$DK$10:$HE$10,'ローデータ＋比率'!$DK30:$HE30,"") -> 0.082454717 | E42: =_xlfn.XLOOKUP($C$7,'ローデータ＋比率'!$DK$10:$HE$10,'ローデータ＋比率'!$DK43:$HE43,"") -> 0.081679894
B43: 35～39歳 | C43: =_xlfn.XLOOKUP($C$7,'ローデータ＋比率'!$DK$10:$HE$10,'ローデータ＋比率'!$DK17:$HE17,"") -> 0.092071992 | D43: =_xlfn.XLOOKUP($C$7,'ローデータ＋比率'!$DK$10:$HE$10,'ローデータ＋比率'!$DK31:$HE31,"") -> 0.093268451 | E43: =_xlfn.XLOOKUP($C$7,'ローデータ＋比率'!$DK$10:$HE$10,'ローデータ＋比率'!$DK44:$HE44,"") -> 0.090608466
B44: 40～44歳 | C44: =_xlfn.XLOOKUP($C$7,'ローデータ＋比率'!$DK$10:$HE$10,'ローデータ＋比率'!$DK18:$HE18,"") -> 0.10322773 | D44: =_xlfn.XLOOKUP($C$7,'ローデータ＋比率'!$DK$10:$HE$10,'ローデータ＋比率'!$DK32:$HE32,"") -> 0.10273047 | E44: =_xlfn.XLOOKUP($C$7,'ローデータ＋比率'!$DK$10:$HE$10,'ローデータ＋比率'!$DK45:$HE45,"") -> 0.10383598
B45: 45～49歳 | C45: =_xlfn.XLOOKUP($C$7,'ローデータ＋比率'!$DK$10:$HE$10,'ローデータ＋比率'!$DK19:$HE19,"") -> 0.12345679 | D45: =_xlfn.XLOOKUP($C$7,'ローデータ＋比率'!$DK$10:$HE$10,'ローデータ＋比率'!$DK33:$HE33,"") -> 0.12219519 | E45: =_xlfn.XLOOKUP($C$7,'ローデータ＋比率'!$DK$10:$HE$10,'ローデータ＋比率'!$DK46:$HE46,"") -> 0.125
B46: 50～54歳 | C46: =_xlfn.XLOOKUP($C$7,'ローデータ＋比率'!$DK$10:$HE$10,'ローデータ＋比率'!$DK20:$HE20,"") -> 0.11988696 | D46: =_xlfn.XLOOKUP($C$7,'ローデータ＋比率'!$DK$10:$HE$10,'ローデータ＋比率'!$DK34:$HE34,"") -> 0.11841038 | E46: =_xlfn.XLOOKUP($C$7,'ローデータ＋比率'!$DK$10:$HE$10,'ローデータ＋比率'!$DK47:$HE47,"") -> 0.12202381
B47: 55～59歳 | C47: =_xlfn.XLOOKUP($C$7,'ローデータ＋比率'!$DK$10:$HE$10,'ローデータ＋比率'!$DK21:$HE21,"") -> 0.098467946 | D47: =_xlfn.XLOOKUP($C$7,'ローデータ＋比率'!$DK$10:$HE$10,'ローデータ＋比率'!$DK35:$HE35,"") -> 0.098675318 | E47: =_xlfn.XLOOKUP($C$7,'ローデータ＋比率'!$DK$10:$HE$10,'ローデータ＋比率'!$DK48:$HE48,"") -> 0.097883598
B48: 60～64歳 | C48: =_xlfn.XLOOKUP($C$7,'ローデータ＋比率'!$DK$10:$HE$10,'ローデータ＋比率'!$DK22:$HE22,"") -> 0.080618771 | D48: =_xlfn.XLOOKUP($C$7,'ローデータ＋比率'!$DK$10:$HE$10,'ローデータ＋比率'!$DK36:$HE36,"") -> 0.083265747 | E48: =_xlfn.XLOOKUP($C$7,'ローデータ＋比率'!$DK$10:$HE$10,'ローデータ＋比率'!$DK49:$HE49,"") -> 0.07771164
B49: 65歳以上 | C49: =_xlfn.XLOOKUP($C$7,'ローデータ＋比率'!$DK$10:$HE$10,'ローデータ＋比率'!$DK23:$HE23,"") -> 0.13565373 | D49: =_xlfn.XLOOKUP($C$7,'ローデータ＋比率'!$DK$10:$HE$10,'ローデータ＋比率'!$DK37:$HE37,"") -> 0.14544471 | E49: =_xlfn.XLOOKUP($C$7,'ローデータ＋比率'!$DK$10:$HE$10,'ローデータ＋比率'!$DK50:$HE50,"") -> 0.12400794
B50: 15～64歳 | C50: =_xlfn.XLOOKUP($C$7,'ローデータ＋比率'!$DK$10:$HE$10,'ローデータ＋比率'!$DK24:$HE24,"") -> 0.86419753 | D50: =_xlfn.XLOOKUP($C$7,'ローデータ＋比率'!$DK$10:$HE$10,'ローデータ＋比率'!$DK26:$HE26,"") -> 0.85455529 | E50: =_xlfn.XLOOKUP($C$7,'ローデータ＋比率'!$DK$10:$HE$10,'ローデータ＋比率'!$DK39:$HE39,"") -> 0.87599206
C51: =SUM(C39:C49) -> 0.99985126 | D51: =SUM(D39:D49) -> 1 | E51: =SUM(E39:E49) -> 1.0003307

Sheet データベース
A1: 性別 | B1: 年齢 | C1: 産業 | D1: 人数_万人
A2: 男女計 | B2: 全年齢 | C2: 全体 | D2: 6723
A3: 男女計 | B3: 全年齢 | C3: 農業，林業 | D3: 192
A4: 男女計 | B4: 全年齢 | C4: 農業 | D4: 185
A5: 男女計 | B5: 全年齢 | C5: 林業 | D5: 7
A6: 男女計 | B6: 全年齢 | C6: 非農林業 | D6: 6531
A7: 男女計 | B7: 全年齢 | C7: 漁業 | D7: 13
A8: 男女計 | B8: 全年齢 | C8: 漁業(水産養殖業を除く) | D8: 9
A9: 男女計 | B9: 全年齢 | C9: 水産養殖業 | D9: 4
A10: 男女計 | B10: 全年齢 | C10: 鉱業，採石業，砂利採取業 | D10: 2
A11: 男女計 | B11: 全年齢 | C11: 建設業 | D11: 479
A12: 男女計 | B12: 全年齢 | C12: 製造業 | D12: 1044
A13: 男女計 | B13: 全年齢 | C13: 食料品製造業 | D13: 133
... A202: 男女計 | B202: 15～19歳 | C202: 農業 | D202: 1
A203: 男女計 | B203: 15～19歳 | C203: 林業 | D203: -
A204: 男女計 | B204: 15～19歳 | C204: 非農林業 | D204: 105
A205: 男女計 | B205: 15～19歳 | C205: 漁業 | D205: 0
A206: 男女計 | B206: 15～19歳 | C206: 漁業(水産養殖業を除く) | D206: 0
A207: 男女計 | B207: 15～19歳 | C207: 水産養殖業 | D207: -
A208: 男女計 | B208: 15～19歳 | C208: 鉱業，採石業，砂利採取業 | D208: -
A209: 男女計 | B209: 15～19歳 | C209: 建設業 | D209: 3
A210: 男女計 | B210: 15～19歳 | C210: 製造業 | D210: 10
A211: 男女計 | B211: 15～19歳 | C211: 食料品製造業 | D211: 2
A212: 男女計 | B212: 15～19歳 | C212: 飲料・たばこ・飼料製造業 | D212: 0
A213: 男女計 | B213: 15～19歳 | C213: 繊維工業 | D213: 0
A214: 男女計 | B214: 15～19歳 | C214: 木材・木製品製造業(家具を除く) | D214: 0
A215: 男女計 | B215: 15～19歳 | C215: 家具・装備品製造業 | D215: 0
A216: 男女計 | B216: 15～19歳 | C216: パルプ・紙・紙加工品製造業 | D216: 0
A217: 男女計 | B217: 15～19歳 | C217: 印刷・同関連業 | D217: 0
A218: 男女計 | B218: 15～19歳 | C218: 化学工業 | D218: 1
A219: 男女計 | B219: 15～19歳 | C219: 石油製品・石炭製品製造業 | D219: 0
A220: 男女計 | B220: 15～19歳 | C220: プラスチック製品製造業(別掲を除く) | D220: 0
... A246: 男女計 | B246: 15～19歳 | C246: 水運業 | D246: 0
A247: 男女計 | B247: 15～19歳 | C247: 航空運輸業 | D247: -
A248: 男女計 | B248: 15～19歳 | C248: 倉庫業 | D248: 0
A249: 男女計 | B249: 15～19歳 | C249: 運輸に附帯するサービス業 | D249: 0
A250: 男女計 | B250: 15～19歳 | C250: 郵便業(信書便事業を含む) | D250: 0
A251: 男女計 | B251: 15～19歳 | C251: 卸売業，小売業 | D251: 30
A252: 男女計 | B252: 15～19歳 | C252: 卸売業 | D252: 1
A253: 男女計 | B253: 15～19歳 | C253: 各種商品小売業 | D253: 1
A254: 男女計 | B254: 15～19歳 | C254: 織物・衣服・身の回り品小売業 | D254: 1
A255: 男女計 | B255: 15～19歳 | C255: 飲食料品小売業 | D255: 19
A256: 男女計 | B256: 15～19歳 | C256: 機械器具小売業 | D256: 1
A257: 男女計 | B257: 15～19歳 | C257: その他の小売業 | D257: 7
A258: 男女計 | B258: 15～19歳 | C258: 金融業，保険業 | D258: 0
A259: 男女計 | B259: 15～19歳 | C259: 不動産業，物品賃貸業 | D259: 0
... A293: 男女計 | B293: 15～19歳 | C293: その他のサービス業 | D293: 0
A294: 男女計 | B294: 15～19歳 | C294: 外国公務 | D294: -
A295: 男女計 | B295: 15～19歳 | C295: 公務(他に分類されるものを除く) | D295: 2
A296: 男女計 | B296: 15～19歳 | C296: 国家公務 | D296: 1
A297: 男女計 | B297: 15～19歳 | C297: 地方公務 | D297: 1
A298: 男女計 | B298: 15～19歳 | C298: 分類不能の産業 | D298: 2
A299: 男女計 | B299: 20～24歳 | C299: 全体 | D299: 441
A300: 男女計 | B300: 20～24歳 | C300: 農業，林業 | D300: 5
A301: 男女計 | B301: 20～24歳 | C301: 農業 | D301: 4
A302: 男女計 | B302: 20～24歳 | C302: 林業 | D302: 0
A303: 男女計 | B303: 20～24歳 | C303: 非農林業 | D303: 437
A304: 男女計 | B304: 20～24歳 | C304: 漁業 | D304: 0
A305: 男女計 | B305: 20～24歳 | C305: 漁業(水産養殖業を除く) | D305: 0
A306: 男女計 | B306: 20～24歳 | C306: 水産養殖業 | D306: 0
... A1489: 男性 | B1489: 15～19歳 | C1489: 農業 | D1489: 0
A1490: 男性 | B1490: 15～19歳 | C1490: 林業 | D1490: -
A1491: 男性 | B1491: 15～19歳 | C1491: 非農林業 | D1491: 50
A1492: 男性 | B1492: 15～19歳 | C1492: 漁業 | D1492: 0
A1493: 男性 | B1493: 15～19歳 | C1493: 漁業(水産養殖業を除く) | D1493: 0
A1494: 男性 | B1494: 15～19歳 | C1494: 水産養殖業 | D1494: -
A1495: 男性 | B1495: 15～19歳 | C1495: 鉱業，採石業，砂利採取業 | D1495: -
A1496: 男性 | B1496: 15～19歳 | C1496: 建設業 | D1496: 3
A1497: 男性 | B1497: 15～19歳 | C1497: 製造業 | D1497: 6
A1498: 男性 | B1498: 15～19歳 | C1498: 食料品製造業 | D1498: 1
A1499: 男性 | B1499: 15～19歳 | C1499: 飲料・たばこ・飼料製造業 | D1499: 0
A1500: 男性 | B1500: 15～19歳 | C1500: 繊維工業 | D1500: 0
A1501: 男性 | B1501: 15～19歳 | C1501: 木材・木製品製造業(家具を除く) | D1501: 0
A1502: 男性 | B1502: 15～19歳 | C1502: 家具・装備品製造業 | D1502: 0
A1503: 男性 | B1503: 15～19歳 | C1503: パルプ・紙・紙加工品製造業 | D1503: 0
A1504: 男性 | B1504: 15～19歳 | C1504: 印刷・同関連業 | D1504: 0
A1505: 男性 | B1505: 15～19歳 | C1505: 化学工業 | D1505: 1
A1506: 男性 | B1506: 15～19歳 | C1506: 石油製品・石炭製品製造業 | D1506: 0
A1507: 男性 | B1507: 15～19歳 | C1507: プラスチック製品製造業(別掲を除く) | D1507: 0
A1508: 男性 | B1508: 15～19歳 | C1508: ゴム製品製造業 | D1508: 0
A1509: 男性 | B1509: 15～19歳 | C1509: なめし革・同製品・毛皮製造業 | D1509: -
A1510: 男性 | B1510: 15～19歳 | C1510: 窯業・土石製品製造業 | D1510: 0
A1511: 男性 | B1511: 15～19歳 | C1511: 鉄鋼業 | D1511: 0
A1512: 男性 | B1512: 15～19歳 | C1512: 非鉄金属製造業 | D1512: 0
A1513: 男性 | B1513: 15～19歳 | C1513: 金属製品製造業 | D1513: 1
A1514: 男性 | B1514: 15～19歳 | C1514: はん用機械器具製造業 | D1514: 0
A1515: 男性 | B1515: 15～19歳 | C1515: 生産用機械器具製造業 | D1515: 0
A1516: 男性 | B1516: 15～19歳 | C1516: 業務用機械器具製造業 | D1516: 0
A1517: 男性 | B1517: 15～19歳 | C1517: 電子部品・デバイス・電子回路製造業 | D1517: 0
A1518: 男性 | B1518: 15～19歳 | C1518: 電気機械器具製造業 | D1518: 0
A1519: 男性 | B1519: 15～19歳 | C1519: 情報通信機械器具製造業 | D1519: 0
A1520: 男性 | B1520: 15～19歳 | C1520: 輸送用機械器具製造業 | D1520: 1
A1521: 男性 | B1521: 15～19歳 | C1521: その他の製造業 | D1521: 0
... A1523: 男性 | B1523: 15～19歳 | C1523: 情報通信業 | D1523: 0
A1524: 男性 | B1524: 15～19歳 | C1524: 通信業 | D1524: -
A1525: 男性 | B1525: 15～19歳 | C1525: 放送業 | D1525: -
A1526: 男性 | B1526: 15～19歳 | C1526: 情報サービス業 | D1526: 0
A1527: 男性 | B1527: 15～19歳 | C1527: インターネット附随サービス業 | D1527: -
A1528: 男性 | B1528: 15～19歳 | C1528: 映像・音声・文字情報制作業 | D1528: 0
A1529: 男性 | B1529: 15～19歳 | C1529: 運輸業，郵便業 | D1529: 2
...

Sheet 男女合計
A1: 項目 | B1: 属性 | C1: 値
A2: 男女計 | B2: 全体 | C2: 6723
A3: 男女計 | B3: 農業，林業 | C3: 192
A4: 男女計 | B4: 農業 | C4: 185
A5: 男女計 | B5: 林業 | C5: 7
A6: 男女計 | B6: 非農林業 | C6: 6531
A7: 男女計 | B7: 漁業 | C7: 13
A8: 男女計 | B8: 漁業(水産養殖業を除く) | C8: 9
A9: 男女計 | B9: 水産養殖業 | C9: 4
A10: 男女計 | B10: 鉱業，採石業，砂利採取業 | C10: 2
A11: 男女計 | B11: 建設業 | C11: 479
A12: 男女計 | B12: 製造業 | C12: 1044
A13: 男女計 | B13: 食料品製造業 | C13: 133
... A202: 男女計_15～19歳 | B202: 農業 | C202: 1
A203: 男女計_15～19歳 | B203: 林業 | C203: -
A204: 男女計_15～19歳 | B204: 非農林業 | C204: 105
A205: 男女計_15～19歳 | B205: 漁業 | C205: 0
A206: 男女計_15～19歳 | B206: 漁業(水産養殖業を除く) | C206: 0
A207: 男女計_15～19歳 | B207: 水産養殖業 | C207: -
A208: 男女計_15～19歳 | B208: 鉱業，採石業，砂利採取業 | C208: -
A209: 男女計_15～19歳 | B209: 建設業 | C209: 3
A210: 男女計_15～19歳 | B210: 製造業 | C210: 10
A211: 男女計_15～19歳 | B211: 食料品製造業 | C211: 2
A212: 男女計_15～19歳 | B212: 飲料・たばこ・飼料製造業 | C212: 0
A213: 男女計_15～19歳 | B213: 繊維工業 | C213: 0
A214: 男女計_15～19歳 | B214: 木材・木製品製造業(家具を除く) | C214: 0
A215: 男女計_15～19歳 | B215: 家具・装備品製造業 | C215: 0
A216: 男女計_15～19歳 | B216: パルプ・紙・紙加工品製造業 | C216: 0
A217: 男女計_15～19歳 | B217: 印刷・同関連業 | C217: 0
A218: 男女計_15～19歳 | B218: 化学工業 | C218: 1
A219: 男女計_15～19歳 | B219: 石油製品・石炭製品製造業 | C219: 0
A220: 男女計_15～19歳 | B220: プラスチック製品製造業(別掲を除く) | C220: 0
... A246: 男女計_15～19歳 | B246: 水運業 | C246: 0
A247: 男女計_15～19歳 | B247: 航空運輸業 | C247: -
A248: 男女計_15～19歳 | B248: 倉庫業 | C248: 0
A249: 男女計_15～19歳 | B249: 運輸に附帯するサービス業 | C249: 0
A250: 男女計_15～19歳 | B250: 郵便業(信書便事業を含む) | C250: 0
A251: 男女計_15～19歳 | B251: 卸売業，小売業 | C251: 30
A252: 男女計_15～19歳 | B252: 卸売業 | C252: 1
A253: 男女計_15～19歳 | B253: 各種商品小売業 | C253: 1
A254: 男女計_15～19歳 | B254: 織物・衣服・身の回り品小売業 | C254: 1
A255: 男女計_15～19歳 | B255: 飲食料品小売業 | C255: 19
A256: 男女計_15～19歳 | B256: 機械器具小売業 | C256: 1
A257: 男女計_15～19歳 | B257: その他の小売業 | C257: 7
A258: 男女計_15～19歳 | B258: 金融業，保険業 | C258: 0
A259: 男女計_15～19歳 | B259: 不動産業，物品賃貸業 | C259: 0
... A293: 男女計_15～19歳 | B293: その他のサービス業 | C293: 0
A294: 男女計_15～19歳 | B294: 外国公務 | C294: -
A295: 男女計_15～19歳 | B295: 公務(他に分類されるものを除く) | C295: 2
A296: 男女計_15～19歳 | B296: 国家公務 | C296: 1
A297: 男女計_15～19歳 | B297: 地方公務 | C297: 1
A298: 男女計_15～19歳 | B298: 分類不能の産業 | C298: 2
A299: 男女計_20～24歳 | B299: 全体 | C299: 441
A300: 男女計_20～24歳 | B300: 農業，林業 | C300: 5
A301: 男女計_20～24歳 | B301: 農業 | C301: 4
A302: 男女計_20～24歳 | B302: 林業 | C302: 0
A303: 男女計_20～24歳 | B303: 非農林業 | C303: 437
A304: 男女計_20～24歳 | B304: 漁業 | C304: 0
A305: 男女計_20～24歳 | B305: 漁業(水産養殖業を除く) | C305: 0
A306: 男女計_20～24歳 | B306: 水産養殖業 | C306: 0
... A1288: 男女計_65歳以上 | B1288: 分類不能の産業 | C1288: 21

Sheet 男性 (2)
A1: 項目 | B1: 属性 | C1: 値
A2: 男性 | B2: 全体 | C2: 3699
A3: 男性 | B3: 農業，林業 | C3: 118
A4: 男性 | B4: 農業 | C4: 113
A5: 男性 | B5: 林業 | C5: 5
A6: 男性 | B6: 非農林業 | C6: 3580
A7: 男性 | B7: 漁業 | C7: 10
A8: 男性 | B8: 漁業(水産養殖業を除く) | C8: 8
A9: 男性 | B9: 水産養殖業 | C9: 3
A10: 男性 | B10: 鉱業，採石業，砂利採取業 | C10: 2
A11: 男性 | B11: 建設業 | C11: 394
A12: 男性 | B12: 製造業 | C12: 732
A13: 男性 | B13: 食料品製造業 | C13: 65
... A202: 男性_15～19歳 | B202: 農業 | C202: 0
A203: 男性_15～19歳 | B203: 林業 | C203: -
A204: 男性_15～19歳 | B204: 非農林業 | C204: 50
A205: 男性_15～19歳 | B205: 漁業 | C205: 0
A206: 男性_15～19歳 | B206: 漁業(水産養殖業を除く) | C206: 0
A207: 男性_15～19歳 | B207: 水産養殖業 | C207: -
A208: 男性_15～19歳 | B208: 鉱業，採石業，砂利採取業 | C208: -
A209: 男性_15～19歳 | B209: 建設業 | C209: 3
A210: 男性_15～19歳 | B210: 製造業 | C210: 6
A211: 男性_15～19歳 | B211: 食料品製造業 | C211: 1
A212: 男性_15～19歳 | B212: 飲料・たばこ・飼料製造業 | C212: 0
A213: 男性_15～19歳 | B213: 繊維工業 | C213: 0
A214: 男性_15～19歳 | B214: 木材・木製品製造業(家具を除く) | C214: 0
A215: 男性_15～19歳 | B215: 家具・装備品製造業 | C215: 0
A216: 男性_15～19歳 | B216: パルプ・紙・紙加工品製造業 | C216: 0
A217: 男性_15～19歳 | B217: 印刷・同関連業 | C217: 0
A218: 男性_15～19歳 | B218: 化学工業 | C218: 1
A219: 男性_15～19歳 | B219: 石油製品・石炭製品製造業 | C219: 0
A220: 男性_15～19歳 | B220: プラスチック製品製造業(別掲を除く) | C220: 0
A221: 男性_15～19歳 | B221: ゴム製品製造業 | C221: 0
A222: 男性_15～19歳 | B222: なめし革・同製品・毛皮製造業 | C222: -
A223: 男性_15～19歳 | B223: 窯業・土石製品製造業 | C223: 0
A224: 男性_15～19歳 | B224: 鉄鋼業 | C224: 0
A225: 男性_15～19歳 | B225: 非鉄金属製造業 | C225: 0
A226: 男性_15～19歳 | B226: 金属製品製造業 | C226: 1
A227: 男性_15～19歳 | B227: はん用機械器具製造業 | C227: 0
A228: 男性_15～19歳 | B228: 生産用機械器具製造業 | C228: 0
A229: 男性_15～19歳 | B229: 業務用機械器具製造業 | C229: 0
A230: 男性_15～19歳 | B230: 電子部品・デバイス・電子回路製造業 | C230: 0
A231: 男性_15～19歳 | B231: 電気機械器具製造業 | C231: 0
A232: 男性_15～19歳 | B232: 情報通信機械器具製造業 | C232: 0
A233: 男性_15～19歳 | B233: 輸送用機械器具製造業 | C233: 1
A234: 男性_15～19歳 | B234: その他の製造業 | C234: 0
... A236: 男性_15～19歳 | B236: 情報通信業 | C236: 0
A237: 男性_15～19歳 | B237: 通信業 | C237: -
A238: 男性_15～19歳 | B238: 放送業 | C238: -
A239: 男性_15～19歳 | B239: 情報サービス業 | C239: 0
A240: 男性_15～19歳 | B240: インターネット附随サービス業 | C240: -
A241: 男性_15～19歳 | B241: 映像・音声・文字情報制作業 | C241: 0
A242: 男性_15～19歳 | B242: 運輸業，郵便業 | C242: 2
A243: 男性_15～19歳 | B243: 鉄道業 | C243: 0
A244: 男性_15～19歳 | B244: 道路旅客運送業 | C244: 0
A245: 男性_15～19歳 | B245: 道路貨物運送業 | C245: 1
A246: 男性_15～19歳 | B246: 水運業 | C246: 0
A247: 男性_15～19歳 | B247: 航空運輸業 | C247: -
A248: 男性_15～19歳 | B248: 倉庫業 | C248: 0
A249: 男性_15～19歳 | B249: 運輸に附帯するサービス業 | C249: 0
A250: 男性_15～19歳 | B250: 郵便業(信書便事業を含む) | C250: 0
A251: 男性_15～19歳 | B251: 卸売業，小売業 | C251: 13
A252: 男性_15～19歳 | B252: 卸売業 | C252: 1
A253: 男性_15～19歳 | B253: 各種商品小売業 | C253: 0
A254: 男性_15～19歳 | B254: 織物・衣服・身の回り品小売業 | C254: 0
A255: 男性_15～19歳 | B255: 飲食料品小売業 | C255: 8
A256: 男性_15～19歳 | B256: 機械器具小売業 | C256: 1
A257: 男性_15～19歳 | B257: その他の小売業 | C257: 3
A258: 男性_15～19歳 | B258: 金融業，保険業 | C258: 0
A259: 男性_15～19歳 | B259: 不動産業，物品賃貸業 | C259: 0
... A279: 男性_15～19歳 | B279: 医療業 | C279: 0
A280: 男性_15～19歳 | B280: 保健衛生 | C280: -
A281: 男性_15～19歳 | B281: 社会保険・社会福祉・介護事業 | C281: 1
A282: 男性_15～19歳 | B282: 複合サービス事業 | C282: 0
A283: 男性_15～19歳 | B283: 郵便局 | C283: 0
A284: 男性_15～19歳 | B284: 協同組合(他に分類されないもの) | C284: 0
A285: 男性_15～19歳 | B285: サービス業(他に分類されないもの) | C285: 1
A286: 男性_15～19歳 | B286: 廃棄物処理業 | C286: 0
A287: 男性_15～19歳 | B287: 自動車整備業 | C287: 0
A288: 男性_15～19歳 | B288: 機械等修理業(別掲を除く) | C288: 0
A289: 男性_15～19歳 | B289: 職業紹介・労働者派遣業 | C289: 0
A290: 男性_15～19歳 | B290: その他の事業サービス業 | C290: 1
A291: 男性_15～19歳 | B291: 政治・経済・文化団体 | C291: 0
A292: 男性_15～19歳 | B292: 宗教 | C292: 0
A293: 男性_15～19歳 | B293: その他のサービス業 | C293: 0
A294: 男性_15～19歳 | B294: 外国公務 | C294: -
A295: 男性_15～19歳 | B295: 公務(他に分類されるものを除く) | C295: 2
A296: 男性_15～19歳 | B296: 国家公務 | C296: 1
A297: 男性_15～19歳 | B297: 地方公務 | C297: 0
A298: 男性_15～19歳 | B298: 分類不能の産業 | C298: 1
A299: 男性_20～24歳 | B299: 全体 | C299: 222
A300: 男性_20～24歳 | B300: 農業，林業 | C300: 3
A301: 男性_20～24歳 | B301: 農業 | C301: 3
A302: 男性_20～24歳 | B302: 林業 | C302: 0
A303: 男性_20～24歳 | B303: 非農林業 | C303: 219
A304: 男性_20～24歳 | B304: 漁業 | C304: 0
A305: 男性_20～24歳 | B305: 漁業(水産養殖業を除く) | C305: 0
A306: 男性_20～24歳 | B306: 水産養殖業 | C306: 0
... A490: 男性_25～29歳 | B490: 宗教 | C490: 1
A491: 男性_25～29歳 | B491: その他のサービス業 | C491: -
...

Sheet 女性 (2)
A1: 項目 | B1: 属性 | C1: 値
A2: 女性 | B2: 全体 | C2: 3024
A3: 女性 | B3: 農業，林業 | C3: 74
A4: 女性 | B4: 農業 | C4: 73
A5: 女性 | B5: 林業 | C5: 1
A6: 女性 | B6: 非農林業 | C6: 2950
A7: 女性 | B7: 漁業 | C7: 2
A8: 女性 | B8: 漁業(水産養殖業を除く) | C8: 1
A9: 女性 | B9: 水産養殖業 | C9: 1
A10: 女性 | B10: 鉱業，採石業，砂利採取業 | C10: 0
A11: 女性 | B11: 建設業 | C11: 85
A12: 女性 | B12: 製造業 | C12: 312
A13: 女性 | B13: 食料品製造業 | C13: 68
... A202: 女性_15～19歳 | B202: 農業 | C202: 0
A203: 女性_15～19歳 | B203: 林業 | C203: -
A204: 女性_15～19歳 | B204: 非農林業 | C204: 55
A205: 女性_15～19歳 | B205: 漁業 | C205: -
A206: 女性_15～19歳 | B206: 漁業(水産養殖業を除く) | C206: -
A207: 女性_15～19歳 | B207: 水産養殖業 | C207: -
A208: 女性_15～19歳 | B208: 鉱業，採石業，砂利採取業 | C208: -
A209: 女性_15～19歳 | B209: 建設業 | C209: 0
A210: 女性_15～19歳 | B210: 製造業 | C210: 3
A211: 女性_15～19歳 | B211: 食料品製造業 | C211: 1
A212: 女性_15～19歳 | B212: 飲料・たばこ・飼料製造業 | C212: 0
A213: 女性_15～19歳 | B213: 繊維工業 | C213: 0
A214: 女性_15～19歳 | B214: 木材・木製品製造業(家具を除く) | C214: 0
A215: 女性_15～19歳 | B215: 家具・装備品製造業 | C215: 0
A216: 女性_15～19歳 | B216: パルプ・紙・紙加工品製造業 | C216: 0
A217: 女性_15～19歳 | B217: 印刷・同関連業 | C217: 0
A218: 女性_15～19歳 | B218: 化学工業 | C218: 0
A219: 女性_15～19歳 | B219: 石油製品・石炭製品製造業 | C219: -
A220: 女性_15～19歳 | B220: プラスチック製品製造業(別掲を除く) | C220: 0
A221: 女性_15～19歳 | B221: ゴム製品製造業 | C221: 0
A222: 女性_15～19歳 | B222: なめし革・同製品・毛皮製造業 | C222: 0
A223: 女性_15～19歳 | B223: 窯業・土石製品製造業 | C223: 0
A224: 女性_15～19歳 | B224: 鉄鋼業 | C224: 0
A225: 女性_15～19歳 | B225: 非鉄金属製造業 | C225: 0
A226: 女性_15～19歳 | B226: 金属製品製造業 | C226: 0
A227: 女性_15～19歳 | B227: はん用機械器具製造業 | C227: 0
A228: 女性_15～19歳 | B228: 生産用機械器具製造業 | C228: 0
A229: 女性_15～19歳 | B229: 業務用機械器具製造業 | C229: 0
A230: 女性_15～19歳 | B230: 電子部品・デバイス・電子回路製造業 | C230: 0
A231: 女性_15～19歳 | B231: 電気機械器具製造業 | C231: 0
... A240: 女性_15～19歳 | B240: インターネット附随サービス業 | C240: 0
A241: 女性_15～19歳 | B241: 映像・音声・文字情報制作業 | C241: -
A242: 女性_15～19歳 | B242: 運輸業，郵便業 | C242: 1
A243: 女性_15～19歳 | B243: 鉄道業 | C243: 0
A244: 女性_15～19歳 | B244: 道路旅客運送業 | C244: -
A245: 女性_15～19歳 | B245: 道路貨物運送業 | C245: 0
A246: 女性_15～19歳 | B246: 水運業 | C246: 0
A247: 女性_15～19歳 | B247: 航空運輸業 | C247: -
A248: 女性_15～19歳 | B248: 倉庫業 | C248: -
A249: 女性_15～19歳 | B249: 運輸に附帯するサービス業 | C249: 0
A250: 女性_15～19歳 | B250: 郵便業(信書便事業を含む) | C250: -
A251: 女性_15～19歳 | B251: 卸売業，小売業 | C251: 17
A252: 女性_15～19歳 | B252: 卸売業 | C252: 0
A253: 女性_15～19歳 | B253: 各種商品小売業 | C253: 1
A254: 女性_15～19歳 | B254: 織物・衣服・身の回り品小売業 | C254: 1
A255: 女性_15～19歳 | B255: 飲食料品小売業 | C255: 11
A256: 女性_15～19歳 | B256: 機械器具小売業 | C256: 0
A257: 女性_15～19歳 | B257: その他の小売業 | C257: 4
A258: 女性_15～19歳 | B258: 金融業，保険業 | C258: 0
A259: 女性_15～19歳 | B259: 不動産業，物品賃貸業 | C259: 0
A260: 女性_15～19歳 | B260: 不動産業 | C260: 0
A261: 女性_15～19歳 | B261: 物品賃貸業 | C261: 0
A262: 女性_15～19歳 | B262: 学術研究，専門・技術サービス業 | C262: 0
A263: 女性_15～19歳 | B263: 学術・開発研究機関 | C263: -
A264: 女性_15～19歳 | B264: 専門サービス業(他に分類されないもの) | C264: 0
A265: 女性_15～19歳 | B265: 広告業 | C265: -
A266: 女性_15～19歳 | B266: 技術サービス業(他に分類されないもの) | C266: 0
A267: 女性_15～19歳 | B267: 宿泊業，飲食サービス業 | C267: 23
A268: 女性_15～19歳 | B268: 宿泊業 | C268: 1
A269: 女性_15～19歳 | B269: 飲食店 | C269: 21
A270: 女性_15～19歳 | B270: 持ち帰り・配達飲食サービス業 | C270: 1
A271: 女性_15～19歳 | B271: 生活関連サービス業，娯楽業 | C271: 2
A272: 女性_15～19歳 | B272: 洗濯・理容・美容・浴場業 | C272: 0
A273: 女性_15～19歳 | B273: その他の生活関連サービス業 | C273: 0
A274: 女性_15～19歳 | B274: 娯楽業 | C274: 1
A275: 女性_15～19歳 | B275: 教育，学習支援業 | C275: 3
A276: 女性_15～19歳 | B276: 学校教育 | C276: 0
A277: 女性_15～19歳 | B277: その他の教育，学習支援業 | C277: 2
... A286: 女性_15～19歳 | B286: 廃棄物処理業 | C286: 0
A287: 女性_15～19歳 | B287: 自動車整備業 | C287: -
A288: 女性_15～19歳 | B288: 機械等修理業(別掲を除く) | C288: 0
A289: 女性_15～19歳 | B289: 職業紹介・労働者派遣業 | C289: 0
A290: 女性_15～19歳 | B290: その他の事業サービス業 | C290: 1
A291: 女性_15～19歳 | B291: 政治・経済・文化団体 | C291: 0
A292: 女性_15～19歳 | B292: 宗教 | C292: -
A293: 女性_15～19歳 | B293: その他のサービス業 | C293: 0
A294: 女性_15～19歳 | B294: 外国公務 | C294: -
A295: 女性_15～19歳 | B295: 公務(他に分類されるものを除く) | C295: 0
A296: 女性_15～19歳 | B296: 国家公務 | C296: 0
A297: 女性_15～19歳 | B297: 地方公務 | C297: 0
A298: 女性_15～19歳 | B298: 分類不能の産業 | C298: 1
A299: 女性_20～24歳 | B299: 全体 | C299: 219
A300: 女性_20～24歳 | B300: 農業，林業 | C300: 1
A301: 女性_20～24歳 | B301: 農業 | C301: 1
A302: 女性_20～24歳 | B302: 林業 | C302: 0
A303: 女性_20～24歳 | B303: 非農林業 | C303: 218
A304: 女性_20～24歳 | B304: 漁業 | C304: -
...

Sheet 男女計
I1: 1 | J1: 2 | K1: 3 | L1: 4 | M1: 5 | N1: 6 | O1: 7 | P1: 8 | Q1: 9 | R1: 10 | S1: 11 | T1: 12 | U1: 13 | V1: 14 | W1: 15 | X1: 16 | Y1: 17 | Z1: 18 | AA1: 19 | AB1: 20 | AC1: 21 | AD1: 22 | AE1: 23 | AF1: 24 | AG1: 25 | AH1: 26 | AI1: 27 | AJ1: 28 | AK1: 29 | AL1: 30 | AM1: 31 | AN1: 32 | AO1: 33 | AP1: 34 | AQ1: 35 | AR1: 36 | AS1: 37 | AT1: 38 | AU1: 39 | AV1: 40 | AW1: 41 | AX1: 42 | AY1: 43 | AZ1: 44 | BA1: 45 | BB1: 46 | BC1: 47 | BD1: 48 | BE1: 49 | BF1: 50 | BG1: 51 | BH1: 52 | BI1: 53 | BJ1: 54 | BK1: 55 | BL1: 56 | BM1: 57 | BN1: 58 | BO1: 59 | BP1: 60 | BQ1: 61 | BR1: 62 | BS1: 63 | BT1: 64 | BU1: 65 | BV1: 66 | BW1: 67 | BX1: 68 | BY1: 69 | BZ1: 70 | CA1: 71 | CB1: 72 | CC1: 73 | CD1: 74 | CE1: 75 | CF1: 76 | CG1: 77 | CH1: 78 | CI1: 79 | CJ1: 80 | CK1: 81 | CL1: 82 | CM1: 83 | CN1: 84 | CO1: 85 | CP1: 86 | CQ1: 87 | CR1: 88 | CS1: 89 | CT1: 90 | CU1: 91 | CV1: 92 | CW1: 93 | CX1: 94 | CY1: 95 | CZ1: 96 | DA1: 97 | DB1: 98 | DC1: 99
I2: 1 | J2: 2 | K2: 3 | L2: 4 | M2: 5 | N2: 6 | O2: 7 | P2: 8 | Q2: 9 | R2: 10 | S2: 11 | T2: 12 | U2: 13 | V2: 14 | W2: 15 | X2: 16 | Y2: 17 | Z2: 18 | AA2: 19 | AB2: 20 | AC2: 21 | AD2: 22 | AE2: 23 | AF2: 24 | AG2: 25 | AH2: 26 | AI2: 27 | AJ2: 28 | AK2: 29 | AL2: 30 | AM2: 31 | AN2: 32 | AO2: 33 | AP2: 34 | AQ2: 35 | AR2: 36 | AS2: 37 | AT2: 38 | AU2: 39 | AV2: 40 | AW2: 41 | AX2: 42 | AY2: 43 | AZ2: 44 | BA2: 45 | BB2: 46 | BC2: 47 | BD2: 48 | BE2: 49 | BF2: 50 | BG2: 51 | BH2: 52 | BI2: 53 | BJ2: 54 | BK2: 55 | BL2: 56 | BM2: 57 | BN2: 58 | BO2: 59 | BP2: 60 | BQ2: 61 | BR2: 62 | BS2: 63 | BT2: 64 | BU2: 65 | BV2: 66 | BW2: 67 | BX2: 68 | BY2: 69 | BZ2: 70 | CA2: 71 | CB2: 72 | CC2: 73 | CD2: 74 | CE2: 75 | CF2: 76 | CG2: 77 | CH2: 78 | CI2: 79 | CJ2: 80 | CK2: 81 | CL2: 82 | CM2: 83 | CN2: 84 | CO2: 85 | CP2: 86 | CQ2: 87 | CR2: 88 | CS2: 89 | CT2: 90 | CU2: 91 | CV2: 92 | CW2: 93 | CX2: 94 | CY2: 95 | CZ2: 96 | DA2: 97 | DB2: 98 | DC2: 99
H4: 項目 | I4: 全体 | J4: 農業，林業 | K4: 農業 | L4: 林業 | M4: 非農林業 | N4: 漁業 | O4: 漁業(水産養殖業を除く) | P4: 水産養殖業 | Q4: 鉱業，採石業，砂利採取業 | R4: 建設業 | S4: 製造業 | T4: 食料品製造業 | U4: 飲料・たばこ・飼料製造業 | V4: 繊維工業 | W4: 木材・木製品製造業(家具を除く) | X4: 家具・装備品製造業 | Y4: パルプ・紙・紙加工品製造業 | Z4: 印刷・同関連業 | AA4: 化学工業 | AB4: 石油製品・石炭製品製造業 | AC4: プラスチック製品製造業(別掲を除く) | AD4: ゴム製品製造業 | AE4: なめし革・同製品・毛皮製造業 | AF4: 窯業・土石製品製造業 | AG4: 鉄鋼業 | AH4: 非鉄金属製造業 | AI4: 金属製品製造業 | AJ4: はん用機械器具製造業 | AK4: 生産用機械器具製造業 | AL4: 業務用機械器具製造業 | AM4: 電子部品・デバイス・電子回路製造業 | AN4: 電気機械器具製造業 | AO4: 情報通信機械器具製造業 | AP4: 輸送用機械器具製造業 | AQ4: その他の製造業 | AR4: 電気・ガス・熱供給・水道業 | AS4: 情報通信業 | AT4: 通信業 | AU4: 放送業 | AV4: 情報サービス業 | AW4: インターネット附随サービス業 | AX4: 映像・音声・文字情報制作業 | AY4: 運輸業，郵便業 | AZ4: 鉄道業 | BA4: 道路旅客運送業 | BB4: 道路貨物運送業 | BC4: 水運業 | BD4: 航空運輸業 | BE4: 倉庫業 | BF4: 運輸に附帯するサービス業 | BG4: 郵便業(信書便事業を含む) | BH4: 卸売業，小売業 | BI4: 卸売業 | BJ4: 各種商品小売業 | BK4: 織物・衣服・身の回り品小売業 | BL4: 飲食料品小売業 | BM4: 機械器具小売業 | BN4: その他の小売業 | BO4: 金融業，保険業 | BP4: 不動産業，物品賃貸業 | BQ4: 不動産業 | BR4: 物品賃貸業 | BS4: 学術研究，専門・技術サービス業 | BT4: 学術・開発研究機関 | BU4: 専門サービス業(他に分類されないもの) | BV4: 広告業 | BW4: 技術サービス業(他に分類されないもの) | BX4: 宿泊業，飲食サービス業 | BY4: 宿泊業 | BZ4: 飲食店 | CA4: 持ち帰り・配達飲食サービス業 | CB4: 生活関連サービス業，娯楽業 | CC4: 洗濯・理容・美容・浴場業 | CD4: その他の生活関連サービス業 | CE4: 娯楽業 | CF4: 教育，学習支援業 | CG4: 学校教育 | CH4: その他の教育，学習支援業 | CI4: 医療，福祉 | CJ4: 医療業 | CK4: 保健衛生 | CL4: 社会保険・社会福祉・介護事業 | CM4: 複合サービス事業 | CN4: 郵便局 | CO4: 協同組合(他に分類されないもの) | CP4: サービス業(他に分類されないもの) | CQ4: 廃棄物処理業 | CR4: 自動車整備業 | CS4: 機械等修理業(別掲を除く) | CT4: 職業紹介・労働者派遣業 | CU4: その他の事業サービス業 | CV4: 政治・経済・文化団体 | CW4: 宗教 | CX4: その他のサービス業 | CY4: 外国公務 | CZ4: 公務(他に分類されるものを除く) | DA4: 国家公務 | DB4: 地方公務 | DC4: 分類不能の産業
A5: 02021 | B5: 97*D0 | D5: 01 | E5: 0000 | F5: 1 | H5: 男女計 | I5: 6723 | J5: 192 | K5: 185 | L5: 7 | M5: 6531 | N5: 13 | O5: 9 | P5: 4 | Q5: 2 | R5: 479 | S5: 1044 | T5: 133 | U5: 15 | V5: 35 | W5: 12 | X5: 12 | Y5: 23 | Z5: 38 | AA5: 68 | AB5: 4 | AC5: 50 | AD5: 16 | AE5: 4 | AF5: 32 | AG5: 24 | AH5: 17 | AI5: 97 | AJ5: 37 | AK5: 70 | AL5: 35 | AM5: 64 | AN5: 64 | AO5: 20 | AP5: 132 | AQ5: 43 | AR5: 32 | AS5: 272 | AT5: 20 | AU5: 8 | AV5: 186 | AW5: 20 | AX5: 37 | AY5: 351 | AZ5: 26 | BA5: 41 | BB5: 201 | BC5: 5 | BD5: 6 | BE5: 27 | BF5: 33 | BG5: 12 | BH5: 1044 | BI5: 311 | BJ5: 37 | BK5: 58 | BL5: 287 | BM5: 93 | BN5: 258 | BO5: 160 | BP5: 141 | BQ5: 112 | BR5: 28 | BS5: 254 | BT5: 19 | BU5: 114 | BV5: 18 | BW5: 103 | BX5: 381 | BY5: 53 | BZ5: 269 | CA5: 59 | CB5: 225 | CC5: 107 | CD5: 45 | CE5: 74 | CF5: 349 | CG5: 240 | CH5: 109 | CI5: 908 | CJ5: 433 | CK5: 15 | CL5: 460 | CM5: 50 | CN5: 27 | CO5: 23 | CP5: 463 | CQ5: 34 | CR5: 29 | CS5: 26 | CT5: 37 | CU5: 286 | CV5: 26 | CW5: 19 | CX5: 5 | CY5: 2 | CZ5: 251 | DA5: 69 | DB5: 183 | DC5: 113
A6: 02021 | B6: 97*D0 | D6: 01 | E6: 0000 | F6: 13 | H6: 男女計_15～64歳 | I6: 5810 | J6: 91 | K6: 86 | L6: 5 | M6: 5719 | N6: 8 | O6: 5 | P6: 3 | Q6: 2 | R6: 398 | S6: 954 | T6: 117 | U6: 14 | V6: 27 | W6: 10 | X6: 10 | Y6: 21 | Z6: 34 | AA6: 66 | AB6: 4 | AC6: 46 | AD6: 14 | AE6: 3 | AF6: 29 | AG6: 22 | AH6: 16 | AI6: 84 | AJ6: 34 | AK6: 64 | AL6: 33 | AM6: 62 | AN6: 59 | AO6: 19 | AP6: 127 | AQ6: 39 | AR6: 31 | AS6: 266 | AT6: 20 | AU6: 8 | AV6: 183 | AW6: 20 | AX6: 35 | AY6: 310 | AZ6: 25 | BA6: 28 | BB6: 181 | BC6: 4 | BD6: 6 | BE6: 25 | BF6: 30 | BG6: 12 | BH6: 917 | BI6: 279 | BJ6: 34 | BK6: 51 | BL6: 245 | BM6: 84 | BN6: 225 | BO6: 152 | BP6: 103 | BQ6: 77 | BR6: 26 | BS6: 219 | BT6: 18 | BU6: 98 | BV6: 17 | BW6: 87 | BX6: 322 | BY6: 43 | BZ6: 232 | CA6: 48 | CB6: 182 | CC6: 84 | CD6: 35 | CE6: 63 | CF6: 315 | CG6: 222 | CH6: 93 | CI6: 803 | CJ6: 399 | CK6: 14 | CL6: 390 | CM6: 48 | CN6: 26 | CO6: 21 | CP6: 358 | CQ6: 29 | CR6: 23 | CS6: 22 | CT6: 34 | CU6: 211 | CV6: 21 | CW6: 12 | CX6: 3 | CY6: 2 | CZ6: 240 | DA6: 67 | DB6: 173 | DC6: 92
A7: 02021 | B7: 97*D0 | D7: 01 | E7: 0000 | F7: 2 | H7: 男女計_15～19歳 | I7: 106 | J7: 1 | K7: 1 | L7: - | M7: 105 | N7: 0 | O7: 0 | P7: - | Q7: - | R7: 3 | S7: 10 | T7: 2 | U7: 0 | V7: 0 | W7: 0 | X7: 0 | Y7: 0 | Z7: 0 | AA7: 1 | AB7: 0 | AC7: 0 | AD7: 0 | AE7: 0 | AF7: 0 | AG7: 0 | AH7: 0 | AI7: 1 | AJ7: 0 | AK7: 1 | AL7: 0 | AM7: 1 | AN7: 0 | AO7: 0 | AP7: 2 | AQ7: 0 | AR7: 0 | AS7: 0 | AT7: 0 | AU7: 0 | AV7: 0 | AW7: 0 | AX7: 0 | AY7: 2 | AZ7: 0 | BA7: 0 | BB7: 2 | BC7: 0 | BD7: - | BE7: 0 | BF7: 0 | BG7: 0 | BH7: 30 | BI7: 1 | BJ7: 1 | BK7: 1 | BL7: 19 | BM7: 1 | BN7: 7 | BO7: 0 | BP7: 0 | BQ7: 0 | BR7: 0 | BS7: 1 | BT7: 0 | BU7: 0 | BV7: 0 | BW7: 0 | BX7: 39 | BY7: 1 | BZ7: 36 | CA7: 2 | CB7: 4 | CC7: 1 | CD7: 0 | CE7: 2 | CF7: 6 | CG7: 0 | CH7: 5 | CI7: 3 | CJ7: 1 | CK7: 0 | CL7: 2 | CM7: 0 | CN7: 0 | CO7: 0 | CP7: 3 | CQ7: 0 | CR7: 0 | CS7: 0 | CT7: 0 | CU7: 2 | CV7: 0 | CW7: 0 | CX7: 0 | CY7: - | CZ7: 2 | DA7: 1 | DB7: 1 | DC7: 2
A8: 02021 | B8: 97*D0 | D8: 01 | E8: 0000 | F8: 3 | H8: 男女計_20～24歳 | I8: 441 | J8: 5 | K8: 4 | L8: 0 | M8: 437 | N8: 0 | O8: 0 | P8: 0 | Q8: 0 | R8: 21 | S8: 59 | T8: 9 | U8: 1 | V8: 1 | W8: 1 | X8: 0 | Y8: 1 | Z8: 2 | AA8: 5 | AB8: 1 | AC8: 3 | AD8: 1 | AE8: 0 | AF8: 1 | AG8: 1 | AH8: 1 | AI8: 5 | AJ8: 2 | AK8: 4 | AL8: 1 | AM8: 4 | AN8: 3 | AO8: 1 | AP8: 10 | AQ8: 2 | AR8: 1 | AS8: 19 | AT8: 2 | AU8: 0 | AV8: 13 | AW8: 1 | AX8: 2 | AY8: 15 | AZ8: 2 | BA8: 0 | BB8: 8 | BC8: 0 | BD8: 0 | BE8: 1 | BF8: 2 | BG8: 0 | BH8: 85 | BI8: 12 | BJ8: 3 | BK8: 6 | BL8: 33 | BM8: 8 | BN8: 23 | BO8: 7 | BP8: 5 | BQ8: 3 | BR8: 2 | BS8: 11 | BT8: 1 | BU8: 3 | BV8: 1 | BW8: 6 | BX8: 60 | BY8: 5 | BZ8: 50 | CA8: 6 | CB8: 20 | CC8: 7 | CD8: 2 | CE8: 11 | CF8: 31 | CG8: 14 | CH8: 17 | CI8: 54 | CJ8: 30 | CK8: 1 | CL8: 23 | CM8: 3 | CN8: 1 | CO8: 2 | CP8: 20 | CQ8: 1 | CR8: 1 | CS8: 1 | CT8: 3 | CU8: 13 | CV8: 0 | CW8: 0 | CX8: 0 | CY8: 0 | CZ8: 16 | DA8: 7 | DB8: 9 | DC8: 9
A9: 02021 | B9: 97*D0 | D9: 01 | E9: 0000 | F9: 4 | H9: 男女計_25～29歳 | I9: 558 | J9: 5 | K9: 5 | L9: 0 | M9: 553 | N9: 1 | O9: 0 | P9: 0 | Q9: 0 | R9: 32 | S9: 91 | T9: 12 | U9: 2 | V9: 2 | W9: 1 | X9: 1 | Y9: 2 | Z9: 2 | AA9: 6 | AB9: 1 | AC9: 3 | AD9: 1 | AE9: 0 | AF9: 2 | AG9: 2 | AH9: 1 | AI9: 8 | AJ9: 4 | AK9: 7 | AL9: 2 | AM9: 6 | AN9: 5 | AO9: 2 | AP9: 14 | AQ9: 4 | AR9: 3 | AS9: 43 | AT9: 3 | AU9: 1 | AV9: 31 | AW9: 4 | AX9: 4 | AY9: 21 | AZ9: 3 | BA9: 1 | BB9: 10 | BC9: 0 | BD9: 1 | BE9: 2 | BF9: 3 | BG9: 1 | BH9: 81 | BI9: 25 | BJ9: 2 | BK9: 6 | BL9: 17 | BM9: 9 | BN9: 21 | BO9: 20 | BP9: 9 | BQ9: 6 | BR9: 2 | BS9: 23 | BT9: 2 | BU9: 9 | BV9: 2 | BW9: 10 | BX9: 21 | BY9: 5 | BZ9: 13 | CA9: 3 | CB9: 18 | CC9: 7 | CD9: 3 | CE9: 7 | CF9: 30 | CG9: 23 | CH9: 7 | CI9: 87 | CJ9: 49 | CK9: 1 | CL9: 37 | CM9: 3 | CN9: 2 | CO9: 2 | CP9: 34 | CQ9: 2 | CR9: 2 | CS9: 2 | CT9: 7 | CU9: 19 | CV9: 1 | CW9: 1 | CX9: 0 | CY9: 0 | CZ9: 27 | DA9: 8 | DB9: 19 | DC9: 9
A10: 02021 | B10: 97*D0 | D10: 01 | E10: 0000 | F10: 5 | H10: 男女計_30～34歳 | I10: 552 | J10: 7 | K10: 6 | L10: 0 | M10: 545 | N10: 0 | O10: 0 | P10: 0 | Q10: 0 | R10: 30 | S10: 95 | T10: 11 | U10: 1 | V10: 2 | W10: 1 | X10: 1 | Y10: 2 | Z10: 3 | AA10: 7 | AB10: 0 | AC10: 5 | AD10: 1 | AE10: 0 | AF10: 2 | AG10: 3 | AH10: 1 | AI10: 9 | AJ10: 4 | AK10: 7 | AL10: 3 | AM10: 5 | AN10: 6 | AO10: 1 | AP10: 15 | AQ10: 4 | AR10: 3 | AS10: 35 | AT10: 2 | AU10: 1 | AV10: 24 | AW10: 4 | AX10: 4 | AY10: 24 | AZ10: 3 | BA10: 1 | BB10: 12 | BC10: 0 | BD10: 1 | BE10: 3 | BF10: 4 | BG10: 1 | BH10: 81 | BI10: 25 | BJ10: 2 | BK10: 5 | BL10: 18 | BM10: 9 | BN10: 22 | BO10: 14 | BP10: 10 | BQ10: 8 | BR10: 3 | BS10: 25 | BT10: 2 | BU10: 12 | BV10: 3 | BW10: 9 | BX10: 21 | BY10: 4 | BZ10: 15 | CA10: 3 | CB10: 17 | CC10: 7 | CD10: 3 | CE10: 8 | CF10: 31 | CG10: 25 | CH10: 6 | CI10: 81 | CJ10: 44 | CK10: 1 | CL10: 35 | CM10: 4 | CN10: 2 | CO10: 2 | CP10: 34 | CQ10: 2 | CR10: 2 | CS10: 2 | CT10: 6 | CU10: 19 | CV10: 2 | CW10: 1 | CX10: 0 | CY10: 0 | CZ10: 29 | DA10: 7 | DB10: 22 | DC10: 9
A11: 02021 | B11: 97*D0 | D11: 01 | E11: 0000 | F11: 6 | H11: 男女計_35～39歳 | I11: 619 | J11: 9 | K11: 8 | L11: 1 | M11: 610 | N11: 1 | O11: 0 | P11: 0 | Q11: 0 | R11: 39 | S11: 105 | T11: 12 | U11: 2 | V11: 3 | W11: 1 | X11: 1 | Y11: 2 | Z11: 3 | AA11: 8 | AB11: 0 | AC11: 5 | AD11: 2 | AE11: 0 | AF11: 3 | AG11: 3 | AH11: 2 | AI11: 9 | AJ11: 4 | AK11: 7 | AL11: 4 | AM11: 7 | AN11: 6 | AO11: 2 | AP11: 14 | AQ11: 5 | AR11: 2 | AS11: 36 | AT11: 2 | AU11: 1 | AV11: 25 | AW11: 3 | AX11: 4 | AY11: 29 | AZ11: 3 | BA11: 1 | BB11: 16 | BC11: 0 | BD11: 1 | BE11: 3 | BF11: 3 | BG11: 1 | BH11: 93 | BI11: 31 | BJ11: 3 | BK11: 7 | BL11: 20 | BM11: 10 | BN11: 23 | BO11: 18 | BP11: 10 | BQ11: 7 | BR11: 3 | BS11: 27 | BT11: 2 | BU11: 14 | BV11: 2 | BW11: 9 | BX11: 27 | BY11: 4 | BZ11: 19 | CA11: 5 | CB11: 22 | CC11: 11 | CD11: 4 | CE11: 7 | CF11: 30 | CG11: 23 | CH11: 8 | CI11: 93 | CJ11: 47 | CK11: 2 | CL11: 44 | CM11: 5 | CN11: 3 | CO11: 2 | CP11: 36 | CQ11: 3 | CR11: 2 | CS11: 2 | CT11: 5 | CU11: 21 | CV11: 2 | CW11: 1 | CX11: 0 | CY11: 0 | CZ11: 27 | DA11: 7 | DB11: 20 | DC11: 9
A12: 02021 | B12: 97*D0 | D12: 01 | E12: 0000 | F12: 7 | H12: 男女計_40～44歳 | I12: 694 | J12: 10 | K12: 10 | L12: 0 | M12: 684 | N12: 1 | O12: 1 | P12: 0 | Q12: 0 | R12: 48 | S12: 120 | T12: 14 | U12: 2 | V12: 3 | W12: 1 | X12: 1 | Y12: 2 | Z12: 5 | AA12: 8 | AB12: 0 | AC12: 6 | AD12: 2 | AE12: 1 | AF12: 4 | AG12: 3 | AH12: 2 | AI12: 10 | AJ12: 4 | AK12: 8 | AL12: 4 | AM12: 8 | AN12: 7 | AO12: 2 | AP12: 17 | AQ12: 5 | AR12: 3 | AS12: 34 | AT12: 2 | AU12: 1 | AV12: 23 | AW12: 3 | AX12: 5 | AY12: 38 | AZ12: 3 | BA12: 2 | BB12: 23 | BC12: 0 | BD12: 1 | BE12: 3 | BF12: 4 | BG12: 2 | BH12: 105 | BI12: 34 | BJ12: 4 | BK12: 7 | BL12: 23 | BM12: 10 | BN12: 27 | BO12: 16 | BP12: 13 | BQ12: 10 | BR12: 3 | BS12: 28 | BT12: 2 | BU12: 14 | BV12: 3 | BW12: 9 | BX12: 31 | BY12: 4 | BZ12: 22 | CA12: 5 | CB12: 22 | CC12: 12 | CD12: 3 | CE12: 7 | CF12: 34 | CG12: 25 | CH12: 9 | CI12: 102 | CJ12: 52 | CK12: 1 | CL12: 49 | CM12: 6 | CN12: 3 | CO12: 3 | CP12: 42 | CQ12: 4 | CR12: 3 | CS12: 3 | CT12: 4 | CU12: 24 | CV12: 2 | CW12: 2 | CX12: 1 | CY12: 0 | CZ12: 29 | DA12: 8 | DB12: 21 | DC12: 11
A13: 02021 | B13: 97*D0 | D13: 01 | E13: 0000 | F13: 8 | H13: 男女計_45～49歳 | I13: 830 | J13: 12 | K13: 11 | L13: 1 | M13: 818 | N13: 1 | O13: 1 | P13: 0 | Q13: 0 | R13: 68 | S13: 145 | T13: 17 | U13: 2 | V13: 4 | W13: 2 | X13: 1 | Y13: 3 | Z13: 6 | AA13: 10 | AB13: 0 | AC13: 7 | AD13: 2 | AE13: 0 | AF13: 5 | AG13: 3 | AH13: 3 | AI13: 13 | AJ13: 5 | AK13: 10 | AL13: 6 | AM13: 10 | AN13: 9 | AO13: 3 | AP13: 17 | AQ13: 5 | AR13: 5 | AS13: 34 | AT13: 3 | AU13: 1 | AV13: 23 | AW13: 3 | AX13: 4 | AY13: 51 | AZ13: 4 | BA13: 4 | BB13: 32 | BC13: 0 | BD13: 1 | BE13: 4 | BF13: 4 | BG13: 2 | BH13: 128 | BI13: 45 | BJ13: 4 | BK13: 6 | BL13: 29 | BM13: 12 | BN13: 32 | BO13: 20 | BP13: 14 | BQ13: 10 | BR13: 4 | BS13: 32 | BT13: 3 | BU13: 15 | BV13: 2 | BW13: 12 | BX13: 37 | BY13: 5 | BZ13: 25 | CA13: 7 | CB13: 22 | CC13: 11 | CD13: 5 | CE13: 6 | CF13: 41 | CG13: 31 | CH13: 10 | CI13: 112 | CJ13: 55 | CK13: 2 | CL13: 55 | CM13: 8 | CN13: 5 | CO13: 3 | CP13: 52 | CQ13: 5 | CR13: 4 | CS13: 4 | CT13: 4 | CU13: 29 | CV13: 3 | CW13: 2 | CX13: 0 | CY13: 0 | CZ13: 33 | DA13: 9 | DB13: 24 | DC13: 14
A14: 02021 | B14: 97*D0 | D14: 01 | E14: 0000 | F14: 9 | H14: 男女計_50～54歳 | I14: 806 | J14: 12 | K14: 11 | L14: 1 | M14: 795 | N14: 1 | O14: 1 | P14: 0 | Q14: 0 | R14: 66 | S14: 141 | T14: 16 | U14: 2 | V14: 4 | W14: 1 | X14: 2 | Y14: 4 | Z14: 5 | AA14: 9 | AB14: 0 | AC14: 7 | AD14: 2 | AE14: 1 | AF14: 5 | AG14: 3 | AH14: 3 | AI14: 13 | AJ14: 5 | AK14: 9 | AL14: 5 | AM14: 10 | AN14: 10 | AO14: 4 | AP14: 16 | AQ14: 6 | AR14: 5 | AS14: 29 | AT14: 2 | AU14: 1 | AV14: 20 | AW14: 1 | AX14: 5 | AY14: 53 | AZ14: 2 | BA14: 5 | BB14: 34 | BC14: 1 | BD14: 1 | BE14: 4 | BF14: 4 | BG14: 2 | BH14: 126 | BI14: 44 | BJ14: 6 | BK14: 5 | BL14: 31 | BM14: 11 | BN14: 30 | BO14: 22 | BP14: 15 | BQ14: 11 | BR14: 4 | BS14: 29 | BT14: 3 | BU14: 13 | BV14: 2 | BW14: 12 | BX14: 35 | BY14: 5 | BZ14: 23 | CA14: 7 | CB14: 21 | CC14: 11 | CD14: 5 | CE14: 5 | CF14: 39 | CG14: 30 | CH14: 10 | CI14: 105 | CJ14: 49 | CK14: 2 | CL14: 54 | CM14: 8 | CN14: 4 | CO14: 3 | CP14: 51 | CQ14: 5 | CR14: 4 | CS14: 4 | CT14: 3 | CU14: 30 | CV14: 3 | CW14: 2 | CX14: 0 | CY14: 1 | CZ14: 35 | DA14: 10 | DB14: 25 | DC14: 13
A15: 02021 | B15: 97*D0 | D15: 01 | E15: 0000 | F15: 10 | H15: 男女計_55～59歳 | I15: 662 | J15: 12 | K15: 11 | L15: 1 | M15: 650 | N15: 1 | O15: 1 | P15: 0 | Q15: 0 | R15: 49 | S15: 112 | T15: 13 | U15: 2 | V15: 4 | W15: 1 | X15: 1 | Y15: 2 | Z15: 4 | AA15: 8 | AB15: 0 | AC15: 6 | AD15: 1 | AE15: 0 | AF15: 4 | AG15: 2 | AH15: 2 | AI15: 10 | AJ15: 4 | AK15: 8 | AL15: 4 | AM15: 8 | AN15: 8 | AO15: 3 | AP15: 13 | AQ15: 4 | AR15: 4 | AS15: 22 | AT15: 2 | AU15: 1 | AV15: 15 | AW15: 1 | AX15: 4 | AY15: 43 | AZ15: 2 | BA15: 7 | BB15: 26 | BC15: 1 | BD15: 1 | BE15: 3 | BF15: 3 | BG15: 1 | BH15: 103 | BI15: 35 | BJ15: 5 | BK15: 4 | BL15: 28 | BM15: 7 | BN15: 23 | BO15: 21 | BP15: 13 | BQ15: 11 | BR15: 2 | BS15: 24 | BT15: 2 | BU15: 10 | BV15: 1 | BW15: 10 | BX15: 26 | BY15: 5 | BZ15: 16 | CA15: 6 | CB15: 18 | CC15: 9 | CD15: 5 | CE15: 5 | CF15: 40 | CG15: 29 | CH15: 10 | CI15: 89 | CJ15: 42 | CK15: 2 | CL15: 46 | CM15: 7 | CN15: 4 | CO15: 3 | CP15: 43 | CQ15: 4 | CR15: 3 | CS15: 2 | CT15: 2 | CU15: 26 | CV15: 3 | CW15: 2 | CX15: 1 | CY15: 0 | CZ15: 25 | DA15: 6 | DB15: 19 | DC15: 9
A16: 02021 | B16: 97*D0 | D16: 01 | E16: 0000 | F16: 11 | H16: 男女計_60～64歳 | I16: 542 | J16: 19 | K16: 18 | L16: 1 | M16: 523 | N16: 1 | O16: 1 | P16: 0 | Q16: 0 | R16: 42 | S16: 77 | T16: 11 | U16: 1 | V16: 3 | W16: 1 | X16: 1 | Y16: 2 | Z16: 3 | AA16: 5 | AB16: 0 | AC16: 4 | AD16: 1 | AE16: 0 | AF16: 3 | AG16: 2 | AH16: 1 | AI16: 7 | AJ16: 3 | AK16: 5 | AL16: 3 | AM16: 4 | AN16: 5 | AO16: 1 | AP16: 8 | AQ16: 3 | AR16: 2 | AS16: 12 | AT16: 1 | AU16: 1 | AV16: 8 | AW16: 0 | AX16: 2 | AY16: 34 | AZ16: 2 | BA16: 6 | BB16: 18 | BC16: 1 | BD16: 0 | BE16: 2 | BF16: 3 | BG16: 1 | BH16: 84 | BI16: 27 | BJ16: 4 | BK16: 3 | BL16: 27 | BM16: 5 | BN16: 18 | BO16: 13 | BP16: 13 | BQ16: 11 | BR16: 2 | BS16: 20 | BT16: 2 | BU16: 8 | BV16: 1 | BW16: 9 | BX16: 23 | BY16: 5 | BZ16: 13 | CA16: 5 | CB16: 17 | CC16: 8 | CD16: 4 | CE16: 5 | CF16: 33 | CG16: 23 | CH16: 9 | CI16: 78 | CJ16: 31 | CK16: 2 | CL16: 45 | CM16: 5 | CN16: 3 | CO16: 2 | CP16: 43 | CQ16: 4 | CR16: 2 | CS16: 2 | CT16: 2 | CU16: 27 | CV16: 4 | CW16: 2 | CX16: 1 | CY16: 0 | CZ16: 17 | DA16: 4 | DB16: 13 | DC16: 7
A17: 02021 | B17: 97*D0 | D17: 01 | E17: 0000 | F17: 12 | H17: 男女計_65歳以上 | I17: 912 | J17: 101 | K17: 99 | L17: 2 | M17: 811 | N17: 5 | O17: 4 | P17: 1 | Q17: 1 | R17: 81 | S17: 90 | T17: 16 | U17: 1 | V17: 8 | W17: 2 | X17: 2 | Y17: 2 | Z17: 5 | AA17: 2 | AB17: 0 | AC17: 4 | AD17: 1 | AE17: 1 | AF17: 4 | AG17: 2 | AH17: 1 | AI17: 13 | AJ17: 3 | AK17: 6 | AL17: 2 | AM17: 2 | AN17: 4 | AO17: 1 | AP17: 5 | AQ17: 5 | AR17: 1 | AS17: 6 | AT17: 0 | AU17: 0 | AV17: 3 | AW17: 0 | AX17: 2 | AY17: 41 | AZ17: 1 | BA17: 14 | BB17: 20 | BC17: 1 | BD17: 0 | BE17: 2 | BF17: 3 | BG17: 0 | BH17: 127 | BI17: 31 | BJ17: 3 | BK17: 7 | BL17: 43 | BM17: 10 | BN17: 33 | BO17: 8 | BP17: 38 | BQ17: 35 | BR17: 2 | BS17: 35 | BT17: 1 | BU17: 16 | BV17: 1 | BW17: 16 | BX17: 59 | BY17: 10 | BZ17: 37 | CA17: 12 | CB17: 43 | CC17: 23 | CD17: 10 | CE17: 11 | CF17: 34 | CG17: 18 | CH17: 17 | CI17: 104 | CJ17: 33 | CK17: 2 | CL17: 70 | CM17: 2 | CN17: 1 | CO17: 2 | CP17: 105 | CQ17: 5 | CR17: 6 | CS17: 3 | CT17: 2 | CU17: 75 | CV17: 5 | CW17: 7 | CX17: 1 | CY17: 0 | CZ17: 12 | DA17: 2 | DB17: 10 | DC17: 21

Sheet 男性
I1: 1 | J1: 2 | K1: 3 | L1: 4 | M1: 5 | N1: 6 | O1: 7 | P1: 8 | Q1: 9 | R1: 10 | S1: 11 | T1: 12 | U1: 13 | V1: 14 | W1: 15 | X1: 16 | Y1: 17 | Z1: 18 | AA1: 19 | AB1: 20 | AC1: 21 | AD1: 22 | AE1: 23 | AF1: 24 | AG1: 25 | AH1: 26 | AI1: 27 | AJ1: 28 | AK1: 29 | AL1: 30 | AM1: 31 | AN1: 32 | AO1: 33 | AP1: 34 | AQ1: 35 | AR1: 36 | AS1: 37 | AT1: 38 | AU1: 39 | AV1: 40 | AW1: 41 | AX1: 42 | AY1: 43 | AZ1: 44 | BA1: 45 | BB1: 46 | BC1: 47 | BD1: 48 | BE1: 49 | BF1: 50 | BG1: 51 | BH1: 52 | BI1: 53 | BJ1: 54 | BK1: 55 | BL1: 56 | BM1: 57 | BN1: 58 | BO1: 59 | BP1: 60 | BQ1: 61 | BR1: 62 | BS1: 63 | BT1: 64 | BU1: 65 | BV1: 66 | BW1: 67 | BX1: 68 | BY1: 69 | BZ1: 70 | CA1: 71 | CB1: 72 | CC1: 73 | CD1: 74 | CE1: 75 | CF1: 76 | CG1: 77 | CH1: 78 | CI1: 79 | CJ1: 80 | CK1: 81 | CL1: 82 | CM1: 83 | CN1: 84 | CO1: 85 | CP1: 86 | CQ1: 87 | CR1: 88 | CS1: 89 | CT1: 90 | CU1: 91 | CV1: 92 | CW1: 93 | CX1: 94 | CY1: 95 | CZ1: 96 | DA1: 97 | DB1: 98 | DC1: 99
I2: 1 | J2: 2 | K2: 3 | L2: 4 | M2: 5 | N2: 6 | O2: 7 | P2: 8 | Q2: 9 | R2: 10 | S2: 11 | T2: 12 | U2: 13 | V2: 14 | W2: 15 | X2: 16 | Y2: 17 | Z2: 18 | AA2: 19 | AB2: 20 | AC2: 21 | AD2: 22 | AE2: 23 | AF2: 24 | AG2: 25 | AH2: 26 | AI2: 27 | AJ2: 28 | AK2: 29 | AL2: 30 | AM2: 31 | AN2: 32 | AO2: 33 | AP2: 34 | AQ2: 35 | AR2: 36 | AS2: 37 | AT2: 38 | AU2: 39 | AV2: 40 | AW2: 41 | AX2: 42 | AY2: 43 | AZ2: 44 | BA2: 45 | BB2: 46 | BC2: 47 | BD2: 48 | BE2: 49 | BF2: 50 | BG2: 51 | BH2: 52 | BI2: 53 | BJ2: 54 | BK2: 55 | BL2: 56 | BM2: 57 | BN2: 58 | BO2: 59 | BP2: 60 | BQ2: 61 | BR2: 62 | BS2: 63 | BT2: 64 | BU2: 65 | BV2: 66 | BW2: 67 | BX2: 68 | BY2: 69 | BZ2: 70 | CA2: 71 | CB2: 72 | CC2: 73 | CD2: 74 | CE2: 75 | CF2: 76 | CG2: 77 | CH2: 78 | CI2: 79 | CJ2: 80 | CK2: 81 | CL2: 82 | CM2: 83 | CN2: 84 | CO2: 85 | CP2: 86 | CQ2: 87 | CR2: 88 | CS2: 89 | CT2: 90 | CU2: 91 | CV2: 92 | CW2: 93 | CX2: 94 | CY2: 95 | CZ2: 96 | DA2: 97 | DB2: 98 | DC2: 99
H4: 項目 | I4: 全体 | J4: 農業，林業 | K4: 農業 | L4: 林業 | M4: 非農林業 | N4: 漁業 | O4: 漁業(水産養殖業を除く) | P4: 水産養殖業 | Q4: 鉱業，採石業，砂利採取業 | R4: 建設業 | S4: 製造業 | T4: 食料品製造業 | U4: 飲料・たばこ・飼料製造業 | V4: 繊維工業 | W4: 木材・木製品製造業(家具を除く) | X4: 家具・装備品製造業 | Y4: パルプ・紙・紙加工品製造業 | Z4: 印刷・同関連業 | AA4: 化学工業 | AB4: 石油製品・石炭製品製造業 | AC4: プラスチック製品製造業(別掲を除く) | AD4: ゴム製品製造業 | AE4: なめし革・同製品・毛皮製造業 | AF4: 窯業・土石製品製造業 | AG4: 鉄鋼業 | AH4: 非鉄金属製造業 | AI4: 金属製品製造業 | AJ4: はん用機械器具製造業 | AK4: 生産用機械器具製造業 | AL4: 業務用機械器具製造業 | AM4: 電子部品・デバイス・電子回路製造業 | AN4: 電気機械器具製造業 | AO4: 情報通信機械器具製造業 | AP4: 輸送用機械器具製造業 | AQ4: その他の製造業 | AR4: 電気・ガス・熱供給・水道業 | AS4: 情報通信業 | AT4: 通信業 | AU4: 放送業 | AV4: 情報サービス業 | AW4: インターネット附随サービス業 | AX4: 映像・音声・文字情報制作業 | AY4: 運輸業，郵便業 | AZ4: 鉄道業 | BA4: 道路旅客運送業 | BB4: 道路貨物運送業 | BC4: 水運業 | BD4: 航空運輸業 | BE4: 倉庫業 | BF4: 運輸に附帯するサービス業 | BG4: 郵便業(信書便事業を含む) | BH4: 卸売業，小売業 | BI4: 卸売業 | BJ4: 各種商品小売業 | BK4: 織物・衣服・身の回り品小売業 | BL4: 飲食料品小売業 | BM4: 機械器具小売業 | BN4: その他の小売業 | BO4: 金融業，保険業 | BP4: 不動産業，物品賃貸業 | BQ4: 不動産業 | BR4: 物品賃貸業 | BS4: 学術研究，専門・技術サービス業 | BT4: 学術・開発研究機関 | BU4: 専門サービス業(他に分類されないもの) | BV4: 広告業 | BW4: 技術サービス業(他に分類されないもの) | BX4: 宿泊業，飲食サービス業 | BY4: 宿泊業 | BZ4: 飲食店 | CA4: 持ち帰り・配達飲食サービス業 | CB4: 生活関連サービス業，娯楽業 | CC4: 洗濯・理容・美容・浴場業 | CD4: その他の生活関連サービス業 | CE4: 娯楽業 | CF4: 教育，学習支援業 | CG4: 学校教育 | CH4: その他の教育，学習支援業 | CI4: 医療，福祉 | CJ4: 医療業 | CK4: 保健衛生 | CL4: 社会保険・社会福祉・介護事業 | CM4: 複合サービス事業 | CN4: 郵便局 | CO4: 協同組合(他に分類されないもの) | CP4: サービス業(他に分類されないもの) | CQ4: 廃棄物処理業 | CR4: 自動車整備業 | CS4: 機械等修理業(別掲を除く) | CT4: 職業紹介・労働者派遣業 | CU4: その他の事業サービス業 | CV4: 政治・経済・文化団体 | CW4: 宗教 | CX4: その他のサービス業 | CY4: 外国公務 | CZ4: 公務(他に分類されるものを除く) | DA4: 国家公務 | DB4: 地方公務 | DC4: 分類不能の産業
A5: 02021 | B5: 97*D0 | D5: 01 | E5: 0000 | F5: 1 | H5: 男性 | I5: 3699 | J5: 118 | K5: 113 | L5: 5 | M5: 3580 | N5: 10 | O5: 8 | P5: 3 | Q5: 2 | R5: 394 | S5: 732 | T5: 65 | U5: 10 | V5: 14 | W5: 9 | X5: 9 | Y5: 16 | Z5: 25 | AA5: 48 | AB5: 4 | AC5: 32 | AD5: 11 | AE5: 2 | AF5: 25 | AG5: 20 | AH5: 13 | AI5: 75 | AJ5: 30 | AK5: 58 | AL5: 24 | AM5: 45 | AN5: 45 | AO5: 15 | AP5: 109 | AQ5: 26 | AR5: 26 | AS5: 195 | AT5: 15 | AU5: 5 | AV5: 141 | AW5: 12 | AX5: 22 | AY5: 274 | AZ5: 23 | BA5: 37 | BB5: 160 | BC5: 4 | BD5: 3 | BE5: 16 | BF5: 22 | BG5: 9 | BH5: 497 | BI5: 205 | BJ5: 11 | BK5: 14 | BL5: 99 | BM5: 67 | BN5: 101 | BO5: 73 | BP5: 83 | BQ5: 65 | BR5: 18 | BS5: 158 | BT5: 12 | BU5: 61 | BV5: 11 | BW5: 74 | BX5: 145 | BY5: 23 | BZ5: 106 | CA5: 16 | CB5: 89 | CC5: 31 | CD5: 19 | CE5: 40 | CF5: 145 | CG5: 100 | CH5: 46 | CI5: 227 | CJ5: 115 | CK5: 4 | CL5: 108 | CM5: 29 | CN5: 16 | CO5: 13 | CP5: 273 | CQ5: 28 | CR5: 23 | CS5: 22 | CT5: 19 | CU5: 153 | CV5: 12 | CW5: 11 | CX5: 2 | CY5: 2 | CZ5: 171 | DA5: 52 | DB5: 119 | DC5: 58
A6: 02021 | B6: 97*D0 | D6: 01 | E6: 0000 | F6: 13 | H6: 男性_15～64歳 | I6: 3161 | J6: 56 | K6: 52 | L6: 4 | M6: 3105 | N6: 7 | O6: 5 | P6: 2 | Q6: 2 | R6: 325 | S6: 673 | T6: 58 | U6: 10 | V6: 10 | W6: 7 | X6: 7 | Y6: 15 | Z6: 22 | AA6: 46 | AB6: 3 | AC6: 30 | AD6: 10 | AE6: 2 | AF6: 23 | AG6: 19 | AH6: 12 | AI6: 65 | AJ6: 28 | AK6: 53 | AL6: 23 | AM6: 44 | AN6: 42 | AO6: 15 | AP6: 105 | AQ6: 23 | AR6: 25 | AS6: 190 | AT6: 14 | AU6: 5 | AV6: 138 | AW6: 12 | AX6: 20 | AY6: 239 | AZ6: 22 | BA6: 24 | BB6: 144 | BC6: 3 | BD6: 3 | BE6: 14 | BF6: 20 | BG6: 9 | BH6: 433 | BI6: 183 | BJ6: 10 | BK6: 12 | BL6: 84 | BM6: 60 | BN6: 84 | BO6: 68 | BP6: 58 | BQ6: 42 | BR6: 16 | BS6: 130 | BT6: 11 | BU6: 49 | BV6: 10 | BW6: 61 | BX6: 124 | BY6: 19 | BZ6: 93 | CA6: 12 | CB6: 70 | CC6: 24 | CD6: 13 | CE6: 33 | CF6: 127 | CG6: 89 | CH6: 38 | CI6: 192 | CJ6: 99 | CK6: 4 | CL6: 89 | CM6: 28 | CN6: 15 | CO6: 13 | CP6: 204 | CQ6: 24 | CR6: 18 | CS6: 19 | CT6: 17 | CU6: 107 | CV6: 8 | CW6: 7 | CX6: 1 | CY6: 2 | CZ6: 162 | DA6: 51 | DB6: 112 | DC6: 47
A7: 02021 | B7: 97*D0 | D7: 01 | E7: 0000 | F7: 2 | H7: 男性_15～19歳 | I7: 51 | J7: 0 | K7: 0 | L7: - | M7: 50 | N7: 0 | O7: 0 | P7: - | Q7: - | R7: 3 | S7: 6 | T7: 1 | U7: 0 | V7: 0 | W7: 0 | X7: 0 | Y7: 0 | Z7: 0 | AA7: 1 | AB7: 0 | AC7: 0 | AD7: 0 | AE7: - | AF7: 0 | AG7: 0 | AH7: 0 | AI7: 1 | AJ7: 0 | AK7: 0 | AL7: 0 | AM7: 0 | AN7: 0 | AO7: 0 | AP7: 1 | AQ7: 0 | AR7: 0 | AS7: 0 | AT7: - | AU7: - | AV7: 0 | AW7: - | AX7: 0 | AY7: 2 | AZ7: 0 | BA7: 0 | BB7: 1 | BC7: 0 | BD7: - | BE7: 0 | BF7: 0 | BG7: 0 | BH7: 13 | BI7: 1 | BJ7: 0 | BK7: 0 | BL7: 8 | BM7: 1 | BN7: 3 | BO7: 0 | BP7: 0 | BQ7: 0 | BR7: 0 | BS7: 0 | BT7: 0 | BU7: 0 | BV7: 0 | BW7: 0 | BX7: 16 | BY7: 0 | BZ7: 15 | CA7: 1 | CB7: 2 | CC7: 0 | CD7: 0 | CE7: 1 | CF7: 3 | CG7: 0 | CH7: 3 | CI7: 1 | CJ7: 0 | CK7: - | CL7: 1 | CM7: 0 | CN7: 0 | CO7: 0 | CP7: 1 | CQ7: 0 | CR7: 0 | CS7: 0 | CT7: 0 | CU7: 1 | CV7: 0 | CW7: 0 | CX7: 0 | CY7: - | CZ7: 2 | DA7: 1 | DB7: 0 | DC7: 1
A8: 02021 | B8: 97*D0 | D8: 01 | E8: 0000 | F8: 3 | H8: 男性_20～24歳 | I8: 222 | J8: 3 | K8: 3 | L8: 0 | M8: 219 | N8: 0 | O8: 0 | P8: 0 | Q8: 0 | R8: 18 | S8: 39 | T8: 4 | U8: 0 | V8: 0 | W8: 0 | X8: 0 | Y8: 1 | Z8: 1 | AA8: 3 | AB8: 1 | AC8: 1 | AD8: 0 | AE8: 0 | AF8: 1 | AG8: 1 | AH8: 0 | AI8: 4 | AJ8: 2 | AK8: 4 | AL8: 1 | AM8: 2 | AN8: 2 | AO8: 1 | AP8: 8 | AQ8: 1 | AR8: 1 | AS8: 11 | AT8: 1 | AU8: 0 | AV8: 8 | AW8: 1 | AX8: 1 | AY8: 11 | AZ8: 2 | BA8: 0 | BB8: 6 | BC8: 0 | BD8: 0 | BE8: 1 | BF8: 1 | BG8: 0 | BH8: 41 | BI8: 7 | BJ8: 2 | BK8: 1 | BL8: 16 | BM8: 5 | BN8: 10 | BO8: 3 | BP8: 3 | BQ8: 2 | BR8: 1 | BS8: 5 | BT8: 0 | BU8: 1 | BV8: 0 | BW8: 3 | BX8: 27 | BY8: 2 | BZ8: 22 | CA8: 3 | CB8: 8 | CC8: 1 | CD8: 1 | CE8: 6 | CF8: 14 | CG8: 4 | CH8: 10 | CI8: 11 | CJ8: 5 | CK8: 0 | CL8: 5 | CM8: 1 | CN8: 0 | CO8: 1 | CP8: 12 | CQ8: 1 | CR8: 1 | CS8: 1 | CT8: 1 | CU8: 7 | CV8: 0 | CW8: 0 | CX8: 0 | CY8: 0 | CZ8: 10 | DA8: 5 | DB8: 5 | DC8: 4
A9: 02021 | B9: 97*D0 | D9: 01 | E9: 0000 | F9: 4 | H9: 男性_25～29歳 | I9: 295 | J9: 4 | K9: 3 | L9: 0 | M9: 292 | N9: 1 | O9: 0 | P9: 0 | Q9: 0 | R9: 26 | S9: 64 | T9: 6 | U9: 1 | V9: 1 | W9: 0 | X9: 1 | Y9: 1 | Z9: 1 | AA9: 4 | AB9: 1 | AC9: 2 | AD9: 1 | AE9: 0 | AF9: 2 | AG9: 1 | AH9: 1 | AI9: 6 | AJ9: 3 | AK9: 6 | AL9: 2 | AM9: 4 | AN9: 4 | AO9: 1 | AP9: 12 | AQ9: 2 | AR9: 3 | AS9: 28 | AT9: 2 | AU9: 1 | AV9: 21 | AW9: 2 | AX9: 2 | AY9: 15 | AZ9: 2 | BA9: 1 | BB9: 7 | BC9: 0 | BD9: 0 | BE9: 1 | BF9: 2 | BG9: 0 | BH9: 37 | BI9: 14 | BJ9: 1 | BK9: 1 | BL9: 8 | BM9: 6 | BN9: 7 | BO9: 9 | BP9: 4 | BQ9: 3 | BR9: 1 | BS9: 12 | BT9: 1 | BU9: 4 | BV9: 1 | BW9: 6 | BX9: 9 | BY9: 2 | BZ9: 6 | CA9: 1 | CB9: 7 | CC9: 2 | CD9: 1 | CE9: 4 | CF9: 12 | CG9: 9 | CH9: 3 | CI9: 24 | CJ9: 13 | CK9: 0 | CL9: 11 | CM9: 2 | CN9: 1 | CO9: 1 | CP9: 18 | CQ9: 1 | CR9: 2 | CS9: 2 | CT9: 3 | CU9: 10 | CV9: 0 | CW9: 1 | CX9: - | CY9: 0 | CZ9: 17 | DA9: 6 | DB9: 12 | DC9: 5
A10: 02021 | B10: 97*D0 | D10: 01 | E10: 0000 | F10: 5 | H10: 男性_30～34歳 | I10: 305 | J10: 5 | K10: 5 | L10: 0 | M10: 300 | N10: 0 | O10: 0 | P10: 0 | Q10: 0 | R10: 24 | S10: 69 | T10: 6 | U10: 1 | V10: 1 | W10: 1 | X10: 0 | Y10: 2 | Z10: 2 | AA10: 5 | AB10: 0 | AC10: 3 | AD10: 1 | AE10: 0 | AF10: 2 | AG10: 2 | AH10: 1 | AI10: 7 | AJ10: 3 | AK10: 6 | AL10: 2 | AM10: 4 | AN10: 4 | AO10: 1 | AP10: 12 | AQ10: 2 | AR10: 3 | AS10: 22 | AT10: 2 | AU10: 0 | AV10: 17 | AW10: 2 | AX10: 2 | AY10: 18 | AZ10: 3 | BA10: 1 | BB10: 9 | BC10: 0 | BD10: 0 | BE10: 2 | BF10: 3 | BG10: 1 | BH10: 40 | BI10: 15 | BJ10: 1 | BK10: 1 | BL10: 8 | BM10: 6 | BN10: 9 | BO10: 6 | BP10: 6 | BQ10: 4 | BR10: 1 | BS10: 15 | BT10: 1 | BU10: 6 | BV10: 1 | BW10: 6 | BX10: 8 | BY10: 2 | BZ10: 5 | CA10: 1 | CB10: 6 | CC10: 1 | CD10: 1 | CE10: 4 | CF10: 14 | CG10: 11 | CH10: 3 | CI10: 23 | CJ10: 12 | CK10: 0 | CL10: 10 | CM10: 3 | CN10: 1 | CO10: 1 | CP10: 19 | CQ10: 2 | CR10: 1 | CS10: 2 | CT10: 3 | CU10: 9 | CV10: 1 | CW10: 1 | CX10: 0 | CY10: 0 | CZ10: 20 | DA10: 5 | DB10: 15 | DC10: 5
A11: 02021 | B11: 97*D0 | D11: 01 | E11: 0000 | F11: 6 | H11: 男性_35～39歳 | I11: 345 | J11: 6 | K11: 5 | L11: 1 | M11: 339 | N11: 1 | O11: 0 | P11: 0 | Q11: 0 | R11: 31 | S11: 76 | T11: 7 | U11: 1 | V11: 1 | W11: 1 | X11: 1 | Y11: 2 | Z11: 2 | AA11: 5 | AB11: 0 | AC11: 3 | AD11: 1 | AE11: 0 | AF11: 2 | AG11: 3 | AH11: 2 | AI11: 8 | AJ11: 4 | AK11: 6 | AL11: 3 | AM11: 5 | AN11: 4 | AO11: 1 | AP11: 12 | AQ11: 3 | AR11: 2 | AS11: 25 | AT11: 1 | AU11: 1 | AV11: 19 | AW11: 2 | AX11: 2 | AY11: 22 | AZ11: 3 | BA11: 1 | BB11: 13 | BC11: 0 | BD11: 0 | BE11: 2 | BF11: 2 | BG11: 1 | BH11: 46 | BI11: 20 | BJ11: 1 | BK11: 2 | BL11: 7 | BM11: 7 | BN11: 9 | BO11: 8 | BP11: 6 | BQ11: 4 | BR11: 2 | BS11: 15 | BT11: 1 | BU11: 7 | BV11: 1 | BW11: 6 | BX11: 11 | BY11: 2 | BZ11: 8 | CA11: 1 | CB11: 9 | CC11: 4 | CD11: 2 | CE11: 4 | CF11: 12 | CG11: 9 | CH11: 3 | CI11: 26 | CJ11: 13 | CK11: 1 | CL11: 13 | CM11: 3 | CN11: 2 | CO11: 1 | CP11: 21 | CQ11: 2 | CR11: 2 | CS11: 2 | CT11: 3 | CU11: 11 | CV11: 0 | CW11: 1 | CX11: 0 | CY11: 0 | CZ11: 19 | DA11: 6 | DB11: 13 | DC11: 4
A12: 02021 | B12: 97*D0 | D12: 01 | E12: 0000 | F12: 7 | H12: 男性_40～44歳 | I12: 380 | J12: 6 | K12: 6 | L12: 0 | M12: 374 | N12: 1 | O12: 0 | P12: 0 | Q12: 0 | R12: 39 | S12: 84 | T12: 7 | U12: 1 | V12: 1 | W12: 1 | X12: 1 | Y12: 2 | Z12: 3 | AA12: 5 | AB12: 0 | AC12: 4 | AD12: 2 | AE12: 0 | AF12: 3 | AG12: 2 | AH12: 2 | AI12: 8 | AJ12: 3 | AK12: 6 | AL12: 2 | AM12: 5 | AN12: 5 | AO12: 2 | AP12: 14 | AQ12: 3 | AR12: 3 | AS12: 25 | AT12: 2 | AU12: 1 | AV12: 18 | AW12: 2 | AX12: 3 | AY12: 29 | AZ12: 3 | BA12: 2 | BB12: 18 | BC12: 0 | BD12: 0 | BE12: 2 | BF12: 2 | BG12: 1 | BH12: 51 | BI12: 22 | BJ12: 1 | BK12: 1 | BL12: 8 | BM12: 8 | BN12: 10 | BO12: 7 | BP12: 8 | BQ12: 6 | BR12: 2 | BS12: 16 | BT12: 1 | BU12: 7 | BV12: 1 | BW12: 6 | BX12: 11 | BY12: 2 | BZ12: 8 | CA12: 1 | CB12: 9 | CC12: 4 | CD12: 1 | CE12: 4 | CF12: 13 | CG12: 9 | CH12: 4 | CI12: 25 | CJ12: 12 | CK12: 0 | CL12: 13 | CM12: 4 | CN12: 2 | CO12: 2 | CP12: 24 | CQ12: 3 | CR12: 2 | CS12: 2 | CT12: 2 | CU12: 12 | CV12: 1 | CW12: 1 | CX12: 0 | CY12: 0 | CZ12: 21 | DA12: 7 | DB12: 14 | DC12: 5
A13: 02021 | B13: 97*D0 | D13: 01 | E13: 0000 | F13: 8 | H13: 男性_45～49歳 | I13: 452 | J13: 7 | K13: 6 | L13: 1 | M13: 445 | N13: 1 | O13: 1 | P13: 0 | Q13: 0 | R13: 55 | S13: 101 | T13: 9 | U13: 2 | V13: 2 | W13: 1 | X13: 1 | Y13: 2 | Z13: 4 | AA13: 7 | AB13: 0 | AC13: 4 | AD13: 2 | AE13: 0 | AF13: 4 | AG13: 3 | AH13: 2 | AI13: 10 | AJ13: 4 | AK13: 8 | AL13: 4 | AM13: 7 | AN13: 6 | AO13: 2 | AP13: 15 | AQ13: 2 | AR13: 5 | AS13: 26 | AT13: 3 | AU13: 1 | AV13: 18 | AW13: 2 | AX13: 2 | AY13: 40 | AZ13: 3 | BA13: 3 | BB13: 26 | BC13: 0 | BD13: 0 | BE13: 2 | BF13: 3 | BG13: 2 | BH13: 60 | BI13: 30 | BJ13: 1 | BK13: 1 | BL13: 8 | BM13: 9 | BN13: 11 | BO13: 9 | BP13: 8 | BQ13: 6 | BR13: 2 | BS13: 18 | BT13: 1 | BU13: 7 | BV13: 1 | BW13: 8 | BX13: 14 | BY13: 3 | BZ13: 10 | CA13: 1 | CB13: 9 | CC13: 3 | CD13: 2 | CE13: 3 | CF13: 14 | CG13: 11 | CH13: 3 | CI13: 25 | CJ13: 12 | CK13: 0 | CL13: 12 | CM13: 4 | CN13: 3 | CO13: 2 | CP13: 29 | CQ13: 4 | CR13: 4 | CS13: 3 | CT13: 2 | CU13: 14 | CV13: 1 | CW13: 1 | CX13: 0 | CY13: 0 | CZ13: 21 | DA13: 7 | DB13: 14 | DC13: 7
A14: 02021 | B14: 97*D0 | D14: 01 | E14: 0000 | F14: 9 | H14: 男性_50～54歳 | I14: 438 | J14: 7 | K14: 7 | L14: 1 | M14: 431 | N14: 1 | O14: 1 | P14: 0 | Q14: 0 | R14: 53 | S14: 98 | T14: 8 | U14: 1 | V14: 1 | W14: 1 | X14: 1 | Y14: 3 | Z14: 4 | AA14: 6 | AB14: 0 | AC14: 5 | AD14: 2 | AE14: 0 | AF14: 4 | AG14: 3 | AH14: 2 | AI14: 9 | AJ14: 4 | AK14: 7 | AL14: 3 | AM14: 7 | AN14: 7 | AO14: 3 | AP14: 13 | AQ14: 4 | AR14: 4 | AS14: 23 | AT14: 2 | AU14: 1 | AV14: 17 | AW14: 1 | AX14: 3 | AY14: 41 | AZ14: 2 | BA14: 5 | BB14: 27 | BC14: 0 | BD14: 1 | BE14: 2 | BF14: 2 | BG14: 1 | BH14: 57 | BI14: 30 | BJ14: 1 | BK14: 1 | BL14: 7 | BM14: 8 | BN14: 10 | BO14: 10 | BP14: 8 | BQ14: 6 | BR14: 2 | BS14: 18 | BT14: 2 | BU14: 7 | BV14: 1 | BW14: 9 | BX14: 12 | BY14: 3 | BZ14: 8 | CA14: 1 | CB14: 8 | CC14: 3 | CD14: 2 | CE14: 3 | CF14: 13 | CG14: 10 | CH14: 3 | CI14: 21 | CJ14: 11 | CK14: 0 | CL14: 9 | CM14: 5 | CN14: 3 | CO14: 2 | CP14: 29 | CQ14: 4 | CR14: 3 | CS14: 3 | CT14: 1 | CU14: 15 | CV14: 1 | CW14: 1 | CX14: 0 | CY14: 0 | CZ14: 23 | DA14: 7 | DB14: 15 | DC14: 7
A15: 02021 | B15: 97*D0 | D15: 01 | E15: 0000 | F15: 10 | H15: 男性_55～59歳 | I15: 365 | J15: 7 | K15: 6 | L15: 0 | M15: 359 | N15: 1 | O15: 1 | P15: 0 | Q15: 0 | R15: 40 | S15: 80 | T15: 6 | U15: 1 | V15: 2 | W15: 1 | X15: 1 | Y15: 2 | Z15: 3 | AA15: 6 | AB15: 0 | AC15: 4 | AD15: 1 | AE15: 0 | AF15: 3 | AG15: 2 | AH15: 1 | AI15: 7 | AJ15: 3 | AK15: 6 | AL15: 3 | AM15: 6 | AN15: 6 | AO15: 3 | AP15: 11 | AQ15: 3 | AR15: 3 | AS15: 18 | AT15: 2 | AU15: 1 | AV15: 13 | AW15: 0 | AX15: 3 | AY15: 34 | AZ15: 2 | BA15: 6 | BB15: 21 | BC15: 1 | BD15: 0 | BE15: 1 | BF15: 2 | BG15: 1 | BH15: 48 | BI15: 25 | BJ15: 1 | BK15: 1 | BL15: 7 | BM15: 6 | BN15: 8 | BO15: 10 | BP15: 8 | BQ15: 6 | BR15: 2 | BS15: 16 | BT15: 2 | BU15: 5 | BV15: 1 | BW15: 8 | BX15: 9 | BY15: 2 | BZ15: 5 | CA15: 1 | CB15: 6 | CC15: 3 | CD15: 2 | CE15: 2 | CF15: 16 | CG15: 13 | CH15: 3 | CI15: 18 | CJ15: 10 | CK15: 1 | CL15: 7 | CM15: 4 | CN15: 2 | CO15: 2 | CP15: 24 | CQ15: 3 | CR15: 2 | CS15: 2 | CT15: 1 | CU15: 13 | CV15: 1 | CW15: 1 | CX15: 0 | CY15: 0 | CZ15: 18 | DA15: 4 | DB15: 13 | DC15: 5
A16: 02021 | B16: 97*D0 | D16: 01 | E16: 0000 | F16: 11 | H16: 男性_60～64歳 | I16: 308 | J16: 11 | K16: 10 | L16: 1 | M16: 297 | N16: 1 | O16: 1 | P16: 0 | Q16: 0 | R16: 36 | S16: 55 | T16: 5 | U16: 1 | V16: 1 | W16: 1 | X16: 1 | Y16: 1 | Z16: 2 | AA16: 4 | AB16: 0 | AC16: 2 | AD16: 1 | AE16: 0 | AF16: 2 | AG16: 2 | AH16: 1 | AI16: 6 | AJ16: 2 | AK16: 5 | AL16: 2 | AM16: 3 | AN16: 4 | AO16: 1 | AP16: 7 | AQ16: 2 | AR16: 2 | AS16: 10 | AT16: 1 | AU16: 1 | AV16: 7 | AW16: 0 | AX16: 2 | AY16: 28 | AZ16: 2 | BA16: 6 | BB16: 15 | BC16: 0 | BD16: 0 | BE16: 1 | BF16: 3 | BG16: 1 | BH16: 40 | BI16: 20 | BJ16: 1 | BK16: 1 | BL16: 7 | BM16: 4 | BN16: 8 | BO16: 7 | BP16: 8 | BQ16: 7 | BR16: 1 | BS16: 15 | BT16: 1 | BU16: 5 | BV16: 1 | BW16: 8 | BX16: 8 | BY16: 2 | BZ16: 5 | CA16: 1 | CB16: 6 | CC16: 2 | CD16: 1 | CE16: 3 | CF16: 15 | CG16: 12 | CH16: 4 | CI16: 19 | CJ16: 10 | CK16: 1 | CL16: 8 | CM16: 3 | CN16: 2 | CO16: 1 | CP16: 28 | CQ16: 3 | CR16: 2 | CS16: 2 | CT16: 1 | CU16: 16 | CV16: 3 | CW16: 1 | CX16: 0 | CY16: 0 | CZ16: 11 | DA16: 2 | DB16: 9 | DC16: 4
A17: 02021 | B17: 97*D0 | D17: 01 | E17: 0000 | F17: 12 | H17: 男性_65歳以上 | I17: 538 | J17: 62 | K17: 61 | L17: 1 | M17: 476 | N17: 4 | O17: 3 | P17: 1 | Q17: 0 | R17: 68 | S17: 59 | T17: 7 | U17: 1 | V17: 3 | W17: 1 | X17: 2 | Y17: 1 | Z17: 3 | AA17: 2 | AB17: 0 | AC17: 3 | AD17: 1 | AE17: 0 | AF17: 3 | AG17: 2 | AH17: 1 | AI17: 10 | AJ17: 2 | AK17: 5 | AL17: 1 | AM17: 1 | AN17: 3 | AO17: 0 | AP17: 4 | AQ17: 3 | AR17: 1 | AS17: 5 | AT17: 0 | AU17: 0 | AV17: 3 | AW17: 0 | AX17: 2 | AY17: 35 | AZ17: 1 | BA17: 13 | BB17: 16 | BC17: 1 | BD17: 0 | BE17: 1 | BF17: 2 | BG17: 0 | BH17: 64 | BI17: 22 | BJ17: 1 | BK17: 2 | BL17: 15 | BM17: 7 | BN17: 17 | BO17: 4 | BP17: 25 | BQ17: 23 | BR17: 2 | BS17: 28 | BT17: 1 | BU17: 12 | BV17: 1 | BW17: 14 | BX17: 21 | BY17: 4 | BZ17: 14 | CA17: 3 | CB17: 19 | CC17: 7 | CD17: 5 | CE17: 7 | CF17: 18 | CG17: 11 | CH17: 7 | CI17: 36 | CJ17: 16 | CK17: 1 | CL17: 19 | CM17: 1 | CN17: 0 | CO17: 1 | CP17: 68 | CQ17: 4 | CR17: 5 | CS17: 3 | CT17: 2 | CU17: 46 | CV17: 4 | CW17: 4 | CX17: 1 | CY17: 0 | CZ17: 8 | DA17: 1 | DB17: 7 | DC17: 11

Sheet 女性
I1: 1 | J1: 2 | K1: 3 | L1: 4 | M1: 5 | N1: 6 | O1: 7 | P1: 8 | Q1: 9 | R1: 10 | S1: 11 | T1: 12 | U1: 13 | V1: 14 | W1: 15 | X1: 16 | Y1: 17 | Z1: 18 | AA1: 19 | AB1: 20 | AC1: 21 | AD1: 22 | AE1: 23 | AF1: 24 | AG1: 25 | AH1: 26 | AI1: 27 | AJ1: 28 | AK1: 29 | AL1: 30 | AM1: 31 | AN1: 32 | AO1: 33 | AP1: 34 | AQ1: 35 | AR1: 36 | AS1: 37 | AT1: 38 | AU1: 39 | AV1: 40 | AW1: 41 | AX1: 42 | AY1: 43 | AZ1: 44 | BA1: 45 | BB1: 46 | BC1: 47 | BD1: 48 | BE1: 49 | BF1: 50 | BG1: 51 | BH1: 52 | BI1: 53 | BJ1: 54 | BK1: 55 | BL1: 56 | BM1: 57 | BN1: 58 | BO1: 59 | BP1: 60 | BQ1: 61 | BR1: 62 | BS1: 63 | BT1: 64 | BU1: 65 | BV1: 66 | BW1: 67 | BX1: 68 | BY1: 69 | BZ1: 70 | CA1: 71 | CB1: 72 | CC1: 73 | CD1: 74 | CE1: 75 | CF1: 76 | CG1: 77 | CH1: 78 | CI1: 79 | CJ1: 80 | CK1: 81 | CL1: 82 | CM1: 83 | CN1: 84 | CO1: 85 | CP1: 86 | CQ1: 87 | CR1: 88 | CS1: 89 | CT1: 90 | CU1: 91 | CV1: 92 | CW1: 93 | CX1: 94 | CY1: 95 | CZ1: 96 | DA1: 97 | DB1: 98 | DC1: 99
I2: 1 | J2: 2 | K2: 3 | L2: 4 | M2: 5 | N2: 6 | O2: 7 | P2: 8 | Q2: 9 | R2: 10 | S2: 11 | T2: 12 | U2: 13 | V2: 14 | W2: 15 | X2: 16 | Y2: 17 | Z2: 18 | AA2: 19 | AB2: 20 | AC2: 21 | AD2: 22 | AE2: 23 | AF2: 24 | AG2: 25 | AH2: 26 | AI2: 27 | AJ2: 28 | AK2: 29 | AL2: 30 | AM2: 31 | AN2: 32 | AO2: 33 | AP2: 34 | AQ2: 35 | AR2: 36 | AS2: 37 | AT2: 38 | AU2: 39 | AV2: 40 | AW2: 41 | AX2: 42 | AY2: 43 | AZ2: 44 | BA2: 45 | BB2: 46 | BC2: 47 | BD2: 48 | BE2: 49 | BF2: 50 | BG2: 51 | BH2: 52 | BI2: 53 | BJ2: 54 | BK2: 55 | BL2: 56 | BM2: 57 | BN2: 58 | BO2: 59 | BP2: 60 | BQ2: 61 | BR2: 62 | BS2: 63 | BT2: 64 | BU2: 65 | BV2: 66 | BW2: 67 | BX2: 68 | BY2: 69 | BZ2: 70 | CA2: 71 | CB2: 72 | CC2: 73 | CD2: 74 | CE2: 75 | CF2: 76 | CG2: 77 | CH2: 78 | CI2: 79 | CJ2: 80 | CK2: 81 | CL2: 82 | CM2: 83 | CN2: 84 | CO2: 85 | CP2: 86 | CQ2: 87 | CR2: 88 | CS2: 89 | CT2: 90 | CU2: 91 | CV2: 92 | CW2: 93 | CX2: 94 | CY2: 95 | CZ2: 96 | DA2: 97 | DB2: 98 | DC2: 99
H4: 項目 | I4: 全体 | J4: 農業，林業 | K4: 農業 | L4: 林業 | M4: 非農林業 | N4: 漁業 | O4: 漁業(水産養殖業を除く) | P4: 水産養殖業 | Q4: 鉱業，採石業，砂利採取業 | R4: 建設業 | S4: 製造業 | T4: 食料品製造業 | U4: 飲料・たばこ・飼料製造業 | V4: 繊維工業 | W4: 木材・木製品製造業(家具を除く) | X4: 家具・装備品製造業 | Y4: パルプ・紙・紙加工品製造業 | Z4: 印刷・同関連業 | AA4: 化学工業 | AB4: 石油製品・石炭製品製造業 | AC4: プラスチック製品製造業(別掲を除く) | AD4: ゴム製品製造業 | AE4: なめし革・同製品・毛皮製造業 | AF4: 窯業・土石製品製造業 | AG4: 鉄鋼業 | AH4: 非鉄金属製造業 | AI4: 金属製品製造業 | AJ4: はん用機械器具製造業 | AK4: 生産用機械器具製造業 | AL4: 業務用機械器具製造業 | AM4: 電子部品・デバイス・電子回路製造業 | AN4: 電気機械器具製造業 | AO4: 情報通信機械器具製造業 | AP4: 輸送用機械器具製造業 | AQ4: その他の製造業 | AR4: 電気・ガス・熱供給・水道業 | AS4: 情報通信業 | AT4: 通信業 | AU4: 放送業 | AV4: 情報サービス業 | AW4: インターネット附随サービス業 | AX4: 映像・音声・文字情報制作業 | AY4: 運輸業，郵便業 | AZ4: 鉄道業 | BA4: 道路旅客運送業 | BB4: 道路貨物運送業 | BC4: 水運業 | BD4: 航空運輸業 | BE4: 倉庫業 | BF4: 運輸に附帯するサービス業 | BG4: 郵便業(信書便事業を含む) | BH4: 卸売業，小売業 | BI4: 卸売業 | BJ4: 各種商品小売業 | BK4: 織物・衣服・身の回り品小売業 | BL4: 飲食料品小売業 | BM4: 機械器具小売業 | BN4: その他の小売業 | BO4: 金融業，保険業 | BP4: 不動産業，物品賃貸業 | BQ4: 不動産業 | BR4: 物品賃貸業 | BS4: 学術研究，専門・技術サービス業 | BT4: 学術・開発研究機関 | BU4: 専門サービス業(他に分類されないもの) | BV4: 広告業 | BW4: 技術サービス業(他に分類されないもの) | BX4: 宿泊業，飲食サービス業 | BY4: 宿泊業 | BZ4: 飲食店 | CA4: 持ち帰り・配達飲食サービス業 | CB4: 生活関連サービス業，娯楽業 | CC4: 洗濯・理容・美容・浴場業 | CD4: その他の生活関連サービス業 | CE4: 娯楽業 | CF4: 教育，学習支援業 | CG4: 学校教育 | CH4: その他の教育，学習支援業 | CI4: 医療，福祉 | CJ4: 医療業 | CK4: 保健衛生 | CL4: 社会保険・社会福祉・介護事業 | CM4: 複合サービス事業 | CN4: 郵便局 | CO4: 協同組合(他に分類されないもの) | CP4: サービス業(他に分類されないもの) | CQ4: 廃棄物処理業 | CR4: 自動車整備業 | CS4: 機械等修理業(別掲を除く) | CT4: 職業紹介・労働者派遣業 | CU4: その他の事業サービス業 | CV4: 政治・経済・文化団体 | CW4: 宗教 | CX4: その他のサービス業 | CY4: 外国公務 | CZ4: 公務(他に分類されるものを除く) | DA4: 国家公務 | DB4: 地方公務 | DC4: 分類不能の産業
A5: 02021 | B5: 97*D0 | D5: 01 | E5: 0000 | F5: 1 | H5: 女性 | I5: 3024 | J5: 74 | K5: 73 | L5: 1 | M5: 2950 | N5: 2 | O5: 1 | P5: 1 | Q5: 0 | R5: 85 | S5: 312 | T5: 68 | U5: 4 | V5: 21 | W5: 3 | X5: 3 | Y5: 7 | Z5: 13 | AA5: 20 | AB5: 0 | AC5: 17 | AD5: 4 | AE5: 2 | AF5: 7 | AG5: 3 | AH5: 4 | AI5: 22 | AJ5: 7 | AK5: 12 | AL5: 11 | AM5: 19 | AN5: 18 | AO5: 5 | AP5: 23 | AQ5: 17 | AR5: 6 | AS5: 77 | AT5: 6 | AU5: 3 | AV5: 46 | AW5: 8 | AX5: 15 | AY5: 77 | AZ5: 3 | BA5: 4 | BB5: 41 | BC5: 1 | BD5: 3 | BE5: 12 | BF5: 11 | BG5: 3 | BH5: 547 | BI5: 106 | BJ5: 26 | BK5: 44 | BL5: 188 | BM5: 27 | BN5: 156 | BO5: 87 | BP5: 58 | BQ5: 47 | BR5: 10 | BS5: 96 | BT5: 7 | BU5: 53 | BV5: 7 | BW5: 29 | BX5: 236 | BY5: 30 | BZ5: 162 | CA5: 44 | CB5: 136 | CC5: 76 | CD5: 26 | CE5: 34 | CF5: 204 | CG5: 140 | CH5: 64 | CI5: 680 | CJ5: 317 | CK5: 11 | CL5: 352 | CM5: 21 | CN5: 11 | CO5: 9 | CP5: 190 | CQ5: 6 | CR5: 6 | CS5: 4 | CT5: 17 | CU5: 133 | CV5: 14 | CW5: 8 | CX5: 2 | CY5: 1 | CZ5: 81 | DA5: 17 | DB5: 64 | DC5: 55
A6: 02021 | B6: 97*D0 | D6: 01 | E6: 0000 | F6: 13 | H6: 女性_15～64歳 | I6: 2649 | J6: 35 | K6: 34 | L6: 1 | M6: 2614 | N6: 1 | O6: 1 | P6: 1 | Q6: 0 | R6: 72 | S6: 282 | T6: 59 | U6: 4 | V6: 17 | W6: 3 | X6: 2 | Y6: 6 | Z6: 11 | AA6: 20 | AB6: 0 | AC6: 16 | AD6: 4 | AE6: 2 | AF6: 6 | AG6: 3 | AH6: 3 | AI6: 19 | AJ6: 6 | AK6: 11 | AL6: 11 | AM6: 19 | AN6: 17 | AO6: 5 | AP6: 22 | AQ6: 16 | AR6: 6 | AS6: 76 | AT6: 6 | AU6: 3 | AV6: 45 | AW6: 8 | AX6: 14 | AY6: 71 | AZ6: 3 | BA6: 4 | BB6: 37 | BC6: 1 | BD6: 3 | BE6: 11 | BF6: 10 | BG6: 3 | BH6: 485 | BI6: 96 | BJ6: 23 | BK6: 40 | BL6: 161 | BM6: 24 | BN6: 141 | BO6: 84 | BP6: 44 | BQ6: 35 | BR6: 10 | BS6: 89 | BT6: 7 | BU6: 49 | BV6: 7 | BW6: 26 | BX6: 198 | BY6: 23 | BZ6: 140 | CA6: 35 | CB6: 112 | CC6: 60 | CD6: 22 | CE6: 31 | CF6: 188 | CG6: 133 | CH6: 54 | CI6: 612 | CJ6: 300 | CK6: 10 | CL6: 301 | CM6: 20 | CN6: 11 | CO6: 9 | CP6: 153 | CQ6: 5 | CR6: 4 | CS6: 4 | CT6: 17 | CU6: 104 | CV6: 12 | CW6: 5 | CX6: 2 | CY6: 1 | CZ6: 77 | DA6: 16 | DB6: 61 | DC6: 45
A7: 02021 | B7: 97*D0 | D7: 01 | E7: 0000 | F7: 2 | H7: 女性_15～19歳 | I7: 55 | J7: 0 | K7: 0 | L7: - | M7: 55 | N7: - | O7: - | P7: - | Q7: - | R7: 0 | S7: 3 | T7: 1 | U7: 0 | V7: 0 | W7: 0 | X7: 0 | Y7: 0 | Z7: 0 | AA7: 0 | AB7: - | AC7: 0 | AD7: 0 | AE7: 0 | AF7: 0 | AG7: 0 | AH7: 0 | AI7: 0 | AJ7: 0 | AK7: 0 | AL7: 0 | AM7: 0 | AN7: 0 | AO7: 0 | AP7: 1 | AQ7: 0 | AR7: 0 | AS7: 0 | AT7: 0 | AU7: 0 | AV7: 0 | AW7: 0 | AX7: - | AY7: 1 | AZ7: 0 | BA7: - | BB7: 0 | BC7: 0 | BD7: - | BE7: - | BF7: 0 | BG7: - | BH7: 17 | BI7: 0 | BJ7: 1 | BK7: 1 | BL7: 11 | BM7: 0 | BN7: 4 | BO7: 0 | BP7: 0 | BQ7: 0 | BR7: 0 | BS7: 0 | BT7: - | BU7: 0 | BV7: - | BW7: 0 | BX7: 23 | BY7: 1 | BZ7: 21 | CA7: 1 | CB7: 2 | CC7: 0 | CD7: 0 | CE7: 1 | CF7: 3 | CG7: 0 | CH7: 2 | CI7: 2 | CJ7: 1 | CK7: 0 | CL7: 1 | CM7: 0 | CN7: 0 | CO7: 0 | CP7: 1 | CQ7: 0 | CR7: - | CS7: 0 | CT7: 0 | CU7: 1 | CV7: 0 | CW7: - | CX7: 0 | CY7: - | CZ7: 0 | DA7: 0 | DB7: 0 | DC7: 1
A8: 02021 | B8: 97*D0 | D8: 01 | E8: 0000 | F8: 3 | H8: 女性_20～24歳 | I8: 219 | J8: 1 | K8: 1 | L8: 0 | M8: 218 | N8: - | O8: - | P8: - | Q8: - | R8: 3 | S8: 20 | T8: 5 | U8: 0 | V8: 1 | W8: 0 | X8: 0 | Y8: 0 | Z8: 1 | AA8: 1 | AB8: 0 | AC8: 1 | AD8: 0 | AE8: - | AF8: 0 | AG8: 0 | AH8: 0 | AI8: 1 | AJ8: 1 | AK8: 1 | AL8: 0 | AM8: 1 | AN8: 1 | AO8: 0 | AP8: 3 | AQ8: 1 | AR8: 0 | AS8: 7 | AT8: 0 | AU8: 0 | AV8: 5 | AW8: 1 | AX8: 1 | AY8: 4 | AZ8: 0 | BA8: 0 | BB8: 2 | BC8: 0 | BD8: 0 | BE8: 0 | BF8: 1 | BG8: 0 | BH8: 44 | BI8: 5 | BJ8: 1 | BK8: 5 | BL8: 17 | BM8: 3 | BN8: 13 | BO8: 5 | BP8: 2 | BQ8: 1 | BR8: 1 | BS8: 5 | BT8: 0 | BU8: 2 | BV8: 1 | BW8: 3 | BX8: 33 | BY8: 3 | BZ8: 27 | CA8: 3 | CB8: 12 | CC8: 6 | CD8: 1 | CE8: 5 | CF8: 17 | CG8: 9 | CH8: 8 | CI8: 43 | CJ8: 25 | CK8: 0 | CL8: 17 | CM8: 1 | CN8: 1 | CO8: 1 | CP8: 9 | CQ8: 0 | CR8: 0 | CS8: 0 | CT8: 1 | CU8: 7 | CV8: 0 | CW8: 0 | CX8: 0 | CY8: 0 | CZ8: 5 | DA8: 2 | DB8: 4 | DC8: 5
A9: 02021 | B9: 97*D0 | D9: 01 | E9: 0000 | F9: 4 | H9: 女性_25～29歳 | I9: 263 | J9: 2 | K9: 2 | L9: 0 | M9: 261 | N9: 0 | O9: - | P9: 0 | Q9: 0 | R9: 6 | S9: 27 | T9: 6 | U9: 1 | V9: 1 | W9: 0 | X9: 0 | Y9: 1 | Z9: 1 | AA9: 2 | AB9: 0 | AC9: 1 | AD9: 0 | AE9: 0 | AF9: 0 | AG9: 1 | AH9: 0 | AI9: 2 | AJ9: 1 | AK9: 1 | AL9: 1 | AM9: 2 | AN9: 2 | AO9: 1 | AP9: 2 | AQ9: 2 | AR9: 1 | AS9: 15 | AT9: 1 | AU9: 0 | AV9: 10 | AW9: 2 | AX9: 2 | AY9: 7 | AZ9: 1 | BA9: 0 | BB9: 3 | BC9: 0 | BD9: 1 | BE9: 1 | BF9: 1 | BG9: 0 | BH9: 44 | BI9: 11 | BJ9: 1 | BK9: 5 | BL9: 9 | BM9: 3 | BN9: 14 | BO9: 11 | BP9: 4 | BQ9: 3 | BR9: 1 | BS9: 11 | BT9: 1 | BU9: 5 | BV9: 1 | BW9: 4 | BX9: 12 | BY9: 3 | BZ9: 7 | CA9: 2 | CB9: 11 | CC9: 5 | CD9: 2 | CE9: 4 | CF9: 18 | CG9: 14 | CH9: 4 | CI9: 63 | CJ9: 36 | CK9: 1 | CL9: 26 | CM9: 1 | CN9: 1 | CO9: 1 | CP9: 15 | CQ9: 0 | CR9: 0 | CS9: 0 | CT9: 4 | CU9: 10 | CV9: 1 | CW9: 0 | CX9: 0 | CY9: - | CZ9: 10 | DA9: 2 | DB9: 7 | DC9: 4
A10: 02021 | B10: 97*D0 | D10: 01 | E10: 0000 | F10: 5 | H10: 女性_30～34歳 | I10: 247 | J10: 2 | K10: 2 | L10: 0 | M10: 245 | N10: 0 | O10: - | P10: 0 | Q10: - | R10: 6 | S10: 26 | T10: 5 | U10: 0 | V10: 2 | W10: 0 | X10: 0 | Y10: 1 | Z10: 1 | AA10: 2 | AB10: 0 | AC10: 1 | AD10: 0 | AE10: 0 | AF10: 0 | AG10: 0 | AH10: 0 | AI10: 1 | AJ10: 1 | AK10: 1 | AL10: 1 | AM10: 1 | AN10: 1 | AO10: 0 | AP10: 3 | AQ10: 2 | AR10: 1 | AS10: 13 | AT10: 1 | AU10: 0 | AV10: 8 | AW10: 2 | AX10: 2 | AY10: 6 | AZ10: 1 | BA10: 0 | BB10: 3 | BC10: 0 | BD10: 1 | BE10: 1 | BF10: 1 | BG10: 0 | BH10: 41 | BI10: 10 | BJ10: 1 | BK10: 4 | BL10: 10 | BM10: 2 | BN10: 13 | BO10: 8 | BP10: 5 | BQ10: 3 | BR10: 1 | BS10: 10 | BT10: 1 | BU10: 6 | BV10: 1 | BW10: 3 | BX10: 13 | BY10: 2 | BZ10: 9 | CA10: 2 | CB10: 11 | CC10: 5 | CD10: 2 | CE10: 4 | CF10: 17 | CG10: 14 | CH10: 3 | CI10: 58 | CJ10: 32 | CK10: 1 | CL10: 25 | CM10: 2 | CN10: 1 | CO10: 1 | CP10: 15 | CQ10: 0 | CR10: 0 | CS10: 0 | CT10: 3 | CU10: 10 | CV10: 1 | CW10: 0 | CX10: 0 | CY10: 0 | CZ10: 8 | DA10: 1 | DB10: 7 | DC10: 4
A11: 02021 | B11: 97*D0 | D11: 01 | E11: 0000 | F11: 6 | H11: 女性_35～39歳 | I11: 274 | J11: 3 | K11: 3 | L11: 0 | M11: 271 | N11: 0 | O11: 0 | P11: 0 | Q11: - | R11: 8 | S11: 29 | T11: 5 | U11: 0 | V11: 2 | W11: 0 | X11: 0 | Y11: 1 | Z11: 1 | AA11: 3 | AB11: - | AC11: 2 | AD11: 1 | AE11: 0 | AF11: 1 | AG11: 0 | AH11: 0 | AI11: 2 | AJ11: 1 | AK11: 1 | AL11: 1 | AM11: 2 | AN11: 2 | AO11: 0 | AP11: 2 | AQ11: 2 | AR11: 0 | AS11: 11 | AT11: 1 | AU11: 1 | AV11: 6 | AW11: 1 | AX11: 2 | AY11: 7 | AZ11: 1 | BA11: 0 | BB11: 3 | BC11: 0 | BD11: 1 | BE11: 1 | BF11: 1 | BG11: 0 | BH11: 47 | BI11: 11 | BJ11: 2 | BK11: 5 | BL11: 13 | BM11: 3 | BN11: 14 | BO11: 9 | BP11: 5 | BQ11: 3 | BR11: 1 | BS11: 12 | BT11: 1 | BU11: 7 | BV11: 1 | BW11: 3 | BX11: 16 | BY11: 2 | BZ11: 11 | CA11: 3 | CB11: 12 | CC11: 7 | CD11: 2 | CE11: 3 | CF11: 18 | CG11: 14 | CH11: 5 | CI11: 67 | CJ11: 34 | CK11: 1 | CL11: 32 | CM11: 2 | CN11: 1 | CO11: 1 | CP11: 15 | CQ11: 0 | CR11: 0 | CS11: 0 | CT11: 2 | CU11: 10 | CV11: 1 | CW11: 0 | CX11: 0 | CY11: 0 | CZ11: 7 | DA11: 1 | DB11: 6 | DC11: 4
A12: 02021 | B12: 97*D0 | D12: 01 | E12: 0000 | F12: 7 | H12: 女性_40～44歳 | I12: 314 | J12: 4 | K12: 4 | L12: 0 | M12: 310 | N12: 0 | O12: 0 | P12: 0 | Q12: - | R12: 9 | S12: 36 | T12: 6 | U12: 1 | V12: 2 | W12: 0 | X12: 0 | Y12: 1 | Z12: 2 | AA12: 3 | AB12: 0 | AC12: 2 | AD12: 1 | AE12: 0 | AF12: 1 | AG12: 0 | AH12: 0 | AI12: 2 | AJ12: 1 | AK12: 1 | AL12: 1 | AM12: 3 | AN12: 2 | AO12: 1 | AP12: 3 | AQ12: 3 | AR12: 1 | AS12: 9 | AT12: 1 | AU12: 0 | AV12: 5 | AW12: 1 | AX12: 1 | AY12: 9 | AZ12: 0 | BA12: 0 | BB12: 5 | BC12: 0 | BD12: 0 | BE12: 1 | BF12: 1 | BG12: 0 | BH12: 54 | BI12: 12 | BJ12: 2 | BK12: 5 | BL12: 15 | BM12: 3 | BN12: 17 | BO12: 9 | BP12: 5 | BQ12: 4 | BR12: 1 | BS12: 12 | BT12: 1 | BU12: 7 | BV12: 1 | BW12: 3 | BX12: 20 | BY12: 2 | BZ12: 14 | CA12: 4 | CB12: 13 | CC12: 8 | CD12: 2 | CE12: 3 | CF12: 21 | CG12: 16 | CH12: 5 | CI12: 77 | CJ12: 40 | CK12: 1 | CL12: 36 | CM12: 2 | CN12: 1 | CO12: 1 | CP12: 18 | CQ12: 1 | CR12: 1 | CS12: 1 | CT12: 2 | CU12: 12 | CV12: 2 | CW12: 1 | CX12: 0 | CY12: 0 | CZ12: 9 | DA12: 1 | DB12: 7 | DC12: 5
A13: 02021 | B13: 97*D0 | D13: 01 | E13: 0000 | F13: 8 | H13: 女性_45～49歳 | I13: 378 | J13: 5 | K13: 5 | L13: 0 | M13: 373 | N13: 0 | O13: 0 | P13: 0 | Q13: 0 | R13: 13 | S13: 44 | T13: 8 | U13: 1 | V13: 2 | W13: 0 | X13: 0 | Y13: 1 | Z13: 2 | AA13: 4 | AB13: 0 | AC13: 3 | AD13: 0 | AE13: 0 | AF13: 1 | AG13: 0 | AH13: 1 | AI13: 3 | AJ13: 1 | AK13: 2 | AL13: 2 | AM13: 3 | AN13: 3 | AO13: 1 | AP13: 3 | AQ13: 2 | AR13: 1 | AS13: 8 | AT13: 1 | AU13: 0 | AV13: 4 | AW13: 1 | AX13: 2 | AY13: 11 | AZ13: 0 | BA13: 1 | BB13: 6 | BC13: 0 | BD13: 0 | BE13: 2 | BF13: 1 | BG13: 1 | BH13: 68 | BI13: 15 | BJ13: 3 | BK13: 5 | BL13: 21 | BM13: 3 | BN13: 21 | BO13: 11 | BP13: 6 | BQ13: 5 | BR13: 2 | BS13: 14 | BT13: 1 | BU13: 8 | BV13: 1 | BW13: 4 | BX13: 24 | BY13: 3 | BZ13: 16 | CA13: 5 | CB13: 14 | CC13: 8 | CD13: 3 | CE13: 3 | CF13: 26 | CG13: 20 | CH13: 7 | CI13: 88 | CJ13: 43 | CK13: 2 | CL13: 43 | CM13: 3 | CN13: 2 | CO13: 1 | CP13: 23 | CQ13: 1 | CR13: 1 | CS13: 1 | CT13: 2 | CU13: 15 | CV13: 2 | CW13: 1 | CX13: 0 | CY13: 0 | CZ13: 12 | DA13: 2 | DB13: 9 | DC13: 7
A14: 02021 | B14: 97*D0 | D14: 01 | E14: 0000 | F14: 9 | H14: 女性_50～54歳 | I14: 369 | J14: 5 | K14: 5 | L14: 0 | M14: 364 | N14: 0 | O14: 0 | P14: 0 | Q14: 0 | R14: 12 | S14: 43 | T14: 8 | U14: 1 | V14: 3 | W14: 0 | X14: 0 | Y14: 1 | Z14: 2 | AA14: 3 | AB14: 0 | AC14: 3 | AD14: 1 | AE14: 0 | AF14: 1 | AG14: 0 | AH14: 1 | AI14: 3 | AJ14: 1 | AK14: 1 | AL14: 2 | AM14: 3 | AN14: 3 | AO14: 1 | AP14: 3 | AQ14: 2 | AR14: 1 | AS14: 6 | AT14: 1 | AU14: 0 | AV14: 4 | AW14: 0 | AX14: 2 | AY14: 12 | AZ14: 0 | BA14: 1 | BB14: 7 | BC14: 0 | BD14: 0 | BE14: 2 | BF14: 1 | BG14: 1 | BH14: 69 | BI14: 14 | BJ14: 4 | BK14: 4 | BL14: 24 | BM14: 3 | BN14: 20 | BO14: 13 | BP14: 6 | BQ14: 5 | BR14: 1 | BS14: 11 | BT14: 1 | BU14: 6 | BV14: 1 | BW14: 3 | BX14: 23 | BY14: 3 | BZ14: 15 | CA14: 5 | CB14: 13 | CC14: 7 | CD14: 3 | CE14: 3 | CF14: 26 | CG14: 19 | CH14: 7 | CI14: 85 | CJ14: 38 | CK14: 1 | CL14: 45 | CM14: 3 | CN14: 2 | CO14: 1 | CP14: 23 | CQ14: 1 | CR14: 1 | CS14: 1 | CT14: 2 | CU14: 16 | CV14: 1 | CW14: 1 | CX14: 0 | CY14: 0 | CZ14: 12 | DA14: 2 | DB14: 10 | DC14: 6
A15: 02021 | B15: 97*D0 | D15: 01 | E15: 0000 | F15: 10 | H15: 女性_55～59歳 | I15: 296 | J15: 5 | K15: 5 | L15: 0 | M15: 291 | N15: 0 | O15: 0 | P15: 0 | Q15: 0 | R15: 8 | S15: 32 | T15: 8 | U15: 1 | V15: 2 | W15: 0 | X15: 0 | Y15: 1 | Z15: 1 | AA15: 2 | AB15: 0 | AC15: 2 | AD15: 0 | AE15: 0 | AF15: 1 | AG15: 0 | AH15: 1 | AI15: 2 | AJ15: 1 | AK15: 1 | AL15: 1 | AM15: 2 | AN15: 2 | AO15: 1 | AP15: 2 | AQ15: 1 | AR15: 1 | AS15: 4 | AT15: 0 | AU15: 0 | AV15: 2 | AW15: 0 | AX15: 1 | AY15: 9 | AZ15: 0 | BA15: 0 | BB15: 5 | BC15: 0 | BD15: 0 | BE15: 1 | BF15: 1 | BG15: 0 | BH15: 55 | BI15: 10 | BJ15: 4 | BK15: 3 | BL15: 21 | BM15: 2 | BN15: 15 | BO15: 11 | BP15: 5 | BQ15: 5 | BR15: 1 | BS15: 8 | BT15: 1 | BU15: 5 | BV15: 0 | BW15: 2 | BX15: 17 | BY15: 3 | BZ15: 10 | CA15: 4 | CB15: 12 | CC15: 6 | CD15: 3 | CE15: 3 | CF15: 23 | CG15: 16 | CH15: 8 | CI15: 72 | CJ15: 31 | CK15: 1 | CL15: 39 | CM15: 3 | CN15: 2 | CO15: 1 | CP15: 19 | CQ15: 1 | CR15: 1 | CS15: 0 | CT15: 1 | CU15: 13 | CV15: 2 | CW15: 1 | CX15: 0 | CY15: 0 | CZ15: 8 | DA15: 2 | DB15: 6 | DC15: 4
A16: 02021 | B16: 97*D0 | D16: 01 | E16: 0000 | F16: 11 | H16: 女性_60～64歳 | I16: 235 | J16: 8 | K16: 8 | L16: 0 | M16: 227 | N16: 0 | O16: 0 | P16: 0 | Q16: 0 | R16: 6 | S16: 22 | T16: 6 | U16: 0 | V16: 2 | W16: 0 | X16: 0 | Y16: 1 | Z16: 1 | AA16: 1 | AB16: - | AC16: 1 | AD16: 0 | AE16: 0 | AF16: 1 | AG16: 0 | AH16: 0 | AI16: 2 | AJ16: 0 | AK16: 1 | AL16: 1 | AM16: 1 | AN16: 1 | AO16: 0 | AP16: 1 | AQ16: 1 | AR16: 0 | AS16: 2 | AT16: 0 | AU16: 0 | AV16: 1 | AW16: 0 | AX16: 1 | AY16: 5 | AZ16: 0 | BA16: 0 | BB16: 3 | BC16: 0 | BD16: 0 | BE16: 1 | BF16: 1 | BG16: 0 | BH16: 44 | BI16: 7 | BJ16: 3 | BK16: 2 | BL16: 20 | BM16: 1 | BN16: 10 | BO16: 7 | BP16: 5 | BQ16: 5 | BR16: 0 | BS16: 5 | BT16: 1 | BU16: 3 | BV16: 0 | BW16: 1 | BX16: 15 | BY16: 3 | BZ16: 9 | CA16: 4 | CB16: 11 | CC16: 6 | CD16: 3 | CE16: 2 | CF16: 17 | CG16: 11 | CH16: 6 | CI16: 58 | CJ16: 20 | CK16: 1 | CL16: 37 | CM16: 2 | CN16: 1 | CO16: 1 | CP16: 15 | CQ16: 0 | CR16: 0 | CS16: 0 | CT16: 1 | CU16: 11 | CV16: 2 | CW16: 1 | CX16: 0 | CY16: 0 | CZ16: 6 | DA16: 1 | DB16: 5 | DC16: 4
A17: 02021 | B17: 97*D0 | D17: 01 | E17: 0000 | F17: 12 | H17: 女性_65歳以上 | I17: 375 | J17: 39 | K17: 38 | L17: 0 | M17: 336 | N17: 1 | O17: 1 | P17: 0 | Q17: 0 | R17: 13 | S17: 31 | T17: 9 | U17: 0 | V17: 5 | W17: 0 | X17: 1 | Y17: 1 | Z17: 1 | AA17: 1 | AB17: 0 | AC17: 1 | AD17: 0 | AE17: 0 | AF17: 1 | AG17: 0 | AH17: 0 | AI17: 3 | AJ17: 0 | AK17: 1 | AL17: 1 | AM17: 1 | AN17: 1 | AO17: 0 | AP17: 1 | AQ17: 2 | AR17: 0 | AS17: 1 | AT17: 0 | AU17: 0 | AV17: 0 | AW17: 0 | AX17: 1 | AY17: 6 | AZ17: 0 | BA17: 1 | BB17: 4 | BC17: 0 | BD17: - | BE17: 1 | BF17: 1 | BG17: 0 | BH17: 63 | BI17: 10 | BJ17: 3 | BK17: 5 | BL17: 28 | BM17: 3 | BN17: 15 | BO17: 4 | BP17: 13 | BQ17: 13 | BR17: 1 | BS17: 7 | BT17: 0 | BU17: 4 | BV17: 0 | BW17: 3 | BX17: 38 | BY17: 6 | BZ17: 23 | CA17: 9 | CB17: 24 | CC17: 16 | CD17: 4 | CE17: 4 | CF17: 16 | CG17: 7 | CH17: 9 | CI17: 69 | CJ17: 17 | CK17: 1 | CL17: 51 | CM17: 1 | CN17: 0 | CO17: 1 | CP17: 37 | CQ17: 1 | CR17: 2 | CS17: 1 | CT17: 1 | CU17: 28 | CV17: 1 | CW17: 3 | CX17: 0 | CY17: - | CZ17: 3 | DA17: 0 | DB17: 3 | DC17: 10

Sheet ローデータ＋比率
O1: 1 | P1: 2 | Q1: 3 | R1: 4 | S1: 5 | T1: 6 | U1: 7 | V1: 8 | W1: 9 | X1: 10 | Y1: 11 | Z1: 12 | AA1: 13 | AB1: 14 | AC1: 15 | AD1: 16 | AE1: 17 | AF1: 18 | AG1: 19 | AH1: 20 | AI1: 21 | AJ1: 22 | AK1: 23 | AL1: 24 | AM1: 25 | AN1: 26 | AO1: 27 | AP1: 28 | AQ1: 29 | AR1: 30 | AS1: 31 | AT1: 32 | AU1: 33 | AV1: 34 | AW1: 35 | AX1: 36 | AY1: 37 | AZ1: 38 | BA1: 39 | BB1: 40 | BC1: 41 | BD1: 42 | BE1: 43 | BF1: 44 | BG1: 45 | BH1: 46 | BI1: 47 | BJ1: 48 | BK1: 49 | BL1: 50 | BM1: 51 | BN1: 52 | BO1: 53 | BP1: 54 | BQ1: 55 | BR1: 56 | BS1: 57 | BT1: 58 | BU1: 59 | BV1: 60 | BW1: 61 | BX1: 62 | BY1: 63 | BZ1: 64 | CA1: 65 | CB1: 66 | CC1: 67 | CD1: 68 | CE1: 69 | CF1: 70 | CG1: 71 | CH1: 72 | CI1: 73 | CJ1: 74 | CK1: 75 | CL1: 76 | CM1: 77 | CN1: 78 | CO1: 79 | CP1: 80 | CQ1: 81 | CR1: 82 | CS1: 83 | CT1: 84 | CU1: 85 | CV1: 86 | CW1: 87 | CX1: 88 | CY1: 89 | CZ1: 90 | DA1: 91 | DB1: 92 | DC1: 93 | DD1: 94 | DE1: 95 | DF1: 96 | DG1: 97 | DH1: 98 | DI1: 99 | DK1: 1 | DL1: 2 | DM1: 3 | DN1: 4 | DO1: 5 | DP1: 6 | DQ1: 7 | DR1: 8 | DS1: 9 | DT1: 10 | DU1: 11 | DV1: 12 | DW1: 13 | DX1: 14 | DY1: 15 | DZ1: 16 | EA1: 17 | EB1: 18 | EC1: 19 | ED1: 20 | EE1: 21 | EF1: 22 | EG1: 23 | EH1: 24 | EI1: 25 | EJ1: 26 | EK1: 27 | EL1: 28 | EM1: 29 | EN1: 30 | EO1: 31 | EP1: 32 | EQ1: 33 | ER1: 34 | ES1: 35 | ET1: 36 | EU1: 37 | EV1: 38 | EW1: 39 | EX1: 40 | EY1: 41 | EZ1: 42 | FA1: 43 | FB1: 44 | FC1: 45 | FD1: 46 | FE1: 47 | FF1: 48 | FG1: 49 | FH1: 50 | FI1: 51 | FJ1: 52 | FK1: 53 | FL1: 54 | FM1: 55 | FN1: 56 | FO1: 57 | FP1: 58 | FQ1: 59 | FR1: 60 | FS1: 61 | FT1: 62 | FU1: 63 | FV1: 64 | FW1: 65 | FX1: 66 | FY1: 67 | FZ1: 68 | GA1: 69 | GB1: 70 | GC1: 71 | GD1: 72 | GE1: 73 | GF1: 74 | GG1: 75 | GH1: 76 | GI1: 77 | GJ1: 78 | GK1: 79 | GL1: 80 | GM1: 81 | GN1: 82 | GO1: 83 | GP1: 84 | GQ1: 85 | GR1: 86 | GS1: 87 | GT1: 88 | GU1: 89 | GV1: 90 | GW1: 91 | GX1: 92 | GY1: 93 | GZ1: 94 | HA1: 95 | HB1: 96 | HC1: 97 | HD1: 98 | HE1: 99
O2: 1 | P2: 2 | Q2: 3 | R2: 4 | S2: 5 | T2: 6 | U2: 7 | V2: 8 | W2: 9 | X2: 10 | Y2: 11 | Z2: 12 | AA2: 13 | AB2: 14 | AC2: 15 | AD2: 16 | AE2: 17 | AF2: 18 | AG2: 19 | AH2: 20 | AI2: 21 | AJ2: 22 | AK2: 23 | AL2: 24 | AM2: 25 | AN2: 26 | AO2: 27 | AP2: 28 | AQ2: 29 | AR2: 30 | AS2: 31 | AT2: 32 | AU2: 33 | AV2: 34 | AW2: 35 | AX2: 36 | AY2: 37 | AZ2: 38 | BA2: 39 | BB2: 40 | BC2: 41 | BD2: 42 | BE2: 43 | BF2: 44 | BG2: 45 | BH2: 46 | BI2: 47 | BJ2: 48 | BK2: 49 | BL2: 50 | BM2: 51 | BN2: 52 | BO2: 53 | BP2: 54 | BQ2: 55 | BR2: 56 | BS2: 57 | BT2: 58 | BU2: 59 | BV2: 60 | BW2: 61 | BX2: 62 | BY2: 63 | BZ2: 64 | CA2: 65 | CB2: 66 | CC2: 67 | CD2: 68 | CE2: 69 | CF2: 70 | CG2: 71 | CH2: 72 | CI2: 73 | CJ2: 74 | CK2: 75 | CL2: 76 | CM2: 77 | CN2: 78 | CO2: 79 | CP2: 80 | CQ2: 81 | CR2: 82 | CS2: 83 | CT2: 84 | CU2: 85 | CV2: 86 | CW2: 87 | CX2: 88 | CY2: 89 | CZ2: 90 | DA2: 91 | DB2: 92 | DC2: 93 | DD2: 94 | DE2: 95 | DF2: 96 | DG2: 97 | DH2: 98 | DI2: 99 | DK2: 1 | DL2: 2 | DM2: 3 | DN2: 4 | DO2: 5 | DP2: 6 | DQ2: 7 | DR2: 8 | DS2: 9 | DT2: 10 | DU2: 11 | DV2: 12 | DW2: 13 | DX2: 14 | DY2: 15 | DZ2: 16 | EA2: 17 | EB2: 18 | EC2: 19 | ED2: 20 | EE2: 21 | EF2: 22 | EG2: 23 | EH2: 24 | EI2: 25 | EJ2: 26 | EK2: 27 | EL2: 28 | EM2: 29 | EN2: 30 | EO2: 31 | EP2: 32 | EQ2: 33 | ER2: 34 | ES2: 35 | ET2: 36 | EU2: 37 | EV2: 38 | EW2: 39 | EX2: 40 | EY2: 41 | EZ2: 42 | FA2: 43 | FB2: 44 | FC2: 45 | FD2: 46 | FE2: 47 | FF2: 48 | FG2: 49 | FH2: 50 | FI2: 51 | FJ2: 52 | FK2: 53 | FL2: 54 | FM2: 55 | FN2: 56 | FO2: 57 | FP2: 58 | FQ2: 59 | FR2: 60 | FS2: 61 | FT2: 62 | FU2: 63 | FV2: 64 | FW2: 65 | FX2: 66 | FY2: 67 | FZ2: 68 | GA2: 69 | GB2: 70 | GC2: 71 | GD2: 72 | GE2: 73 | GF2: 74 | GG2: 75 | GH2: 76 | GI2: 77 | GJ2: 78 | GK2: 79 | GL2: 80 | GM2: 81 | GN2: 82 | GO2: 83 | GP2: 84 | GQ2: 85 | GR2: 86 | GS2: 87 | GT2: 88 | GU2: 89 | GV2: 90 | GW2: 91 | GX2: 92 | GY2: 93 | GZ2: 94 | HA2: 95 | HB2: 96 | HC2: 97 | HD2: 98 | HE2: 99
H4: 統計名： | I4: 労働力調査基本集計全都道府県全国年次
H5: 統計表番号： | I5: 基本集計第II-2-1表
H6: 表題： | I6: 年齢階級，産業別就業者数
N7: 階層 | O7: 1 | P7: 1 | Q7: 2 | R7: 2 | S7: 1 | T7: 2 | U7: 3 | V7: 3 | W7: 2 | X7: 2 | Y7: 2 | Z7: 3 | AA7: 3 | AB7: 3 | AC7: 3 | AD7: 3 | AE7: 3 | AF7: 3 | AG7: 3 | AH7: 3 | AI7: 3 | AJ7: 3 | AK7: 3 | AL7: 3 | AM7: 3 | AN7: 3 | AO7: 3 | AP7: 3 | AQ7: 3 | AR7: 3 | AS7: 3 | AT7: 3 | AU7: 3 | AV7: 3 | AW7: 3 | AX7: 2 | AY7: 2 | AZ7: 3 | BA7: 3 | BB7: 3 | BC7: 3 | BD7: 3 | BE7: 2 | BF7: 3 | BG7: 3 | BH7: 3 | BI7: 3 | BJ7: 3 | BK7: 3 | BL7: 3 | BM7: 3 | BN7: 2 | BO7: 3 | BP7: 3 | BQ7: 3 | BR7: 3 | BS7: 3 | BT7: 3 | BU7: 2 | BV7: 2 | BW7: 3 | BX7: 3 | BY7: 2 | BZ7: 3 | CA7: 3 | CB7: 3 | CC7: 3 | CD7: 2 | CE7: 3 | CF7: 3 | CG7: 3 | CH7: 2 | CI7: 3 | CJ7: 3 | CK7: 3 | CL7: 2 | CM7: 3 | CN7: 3 | CO7: 2 | CP7: 3 | CQ7: 3 | CR7: 3 | CS7: 2 | CT7: 3 | CU7: 3 | CV7: 2 | CW7: 3 | CX7: 3 | CY7: 3 | CZ7: 3 | DA7: 3 | DB7: 3 | DC7: 3 | DD7: 3 | DE7: 3 | DF7: 2 | DG7: 3 | DH7: 3 | DI7: 2 | DK7: 1 | DL7: 1 | DM7: 2 | DN7: 2 | DO7: 1 | DP7: 2 | DQ7: 3 | DR7: 3 | DS7: 2 | DT7: 2 | DU7: 2 | DV7: 3 | DW7: 3 | DX7: 3 | DY7: 3 | DZ7: 3 | EA7: 3 | EB7: 3 | EC7: 3 | ED7: 3 | EE7: 3 | EF7: 3 | EG7: 3 | EH7: 3 | EI7: 3 | EJ7: 3 | EK7: 3 | EL7: 3 | EM7: 3 | EN7: 3 | EO7: 3 | EP7: 3 | EQ7: 3 | ER7: 3 | ES7: 3 | ET7: 2 | EU7: 2 | EV7: 3 | EW7: 3 | EX7: 3 | EY7: 3 | EZ7: 3 | FA7: 2 | FB7: 3 | FC7: 3 | FD7: 3 | FE7: 3 | FF7: 3 | FG7: 3 | FH7: 3 | FI7: 3 | FJ7: 2 | FK7: 3 | FL7: 3 | FM7: 3 | FN7: 3 | FO7: 3 | FP7: 3 | FQ7: 2 | FR7: 2 | FS7: 3 | FT7: 3 | FU7: 2 | FV7: 3 | FW7: 3 | FX7: 3 | FY7: 3 | FZ7: 2 | GA7: 3 | GB7: 3 | GC7: 3 | GD7: 2 | GE7: 3 | GF7: 3 | GG7: 3 | GH7: 2 | GI7: 3 | GJ7: 3 | GK7: 2 | GL7: 3 | GM7: 3 | GN7: 3 | GO7: 2 | GP7: 3 | GQ7: 3 | GR7: 2 | GS7: 3 | GT7: 3 | GU7: 3 | GV7: 3 | GW7: 3 | GX7: 3 | GY7: 3 | GZ7: 3 | HA7: 3 | HB7: 2 | HC7: 3 | HD7: 3 | HE7: 2
O8: 就業者 | P8: 農業，林業 | Q8: 農業，林業 | R8: 農業，林業 | S8: 非農林業 | T8: 非農林業 | U8: 非農林業 | V8: 非農林業 | W8: 非農林業 | X8: 非農林業 | Y8: 非農林業 | Z8: 非農林業 | AA8: 非農林業 | AB8: 非農林業 | AC8: 非農林業 | AD8: 非農林業 | AE8: 非農林業 | AF8: 非農林業 | AG8: 非農林業 | AH8: 非農林業 | AI8: 非農林業 | AJ8: 非農林業 | AK8: 非農林業 | AL8: 非農林業 | AM8: 非農林業 | AN8: 非農林業 | AO8: 非農林業 | AP8: 非農林業 | AQ8: 非農林業 | AR8: 非農林業 | AS8: 非農林業 | AT8: 非農林業 | AU8: 非農林業 | AV8: 非農林業 | AW8: 非農林業 | AX8: 非農林業 | AY8: 非農林業 | AZ8: 非農林業 | BA8: 非農林業 | BB8: 非農林業 | BC8: 非農林業 | BD8: 非農林業 | BE8: 非農林業 | BF8: 非農林業 | BG8: 非農林業 | BH8: 非農林業 | BI8: 非農林業 | BJ8: 非農林業 | BK8: 非農林業 | BL8: 非農林業 | BM8: 非農林業 | BN8: 非農林業 | BO8: 非農林業 | BP8: 非農林業 | BQ8: 非農林業 | BR8: 非農林業 | BS8: 非農林業 | BT8: 非農林業 | BU8: 非農林業 | BV8: 非農林業 | BW8: 非農林業 | BX8: 非農林業 | BY8: 非農林業 | BZ8: 非農林業 | CA8: 非農林業 | CB8: 非農林業 | CC8: 非農林業 | CD8: 非農林業 | CE8: 非農林業 | CF8: 非農林業 | CG8: 非農林業 | CH8: 非農林業 | CI8: 非農林業 | CJ8: 非農林業 | CK8: 非農林業 | CL8: 非農林業 | CM8: 非農林業 | CN8: 非農林業 | CO8: 非農林業 | CP8: 非農林業 | CQ8: 非農林業 | CR8: 非農林業 | CS8: 非農林業 | CT8: 非農林業 | CU8: 非農林業 | CV8: 非農林業 | CW8: 非農林業 | CX8: 非農林業 | CY8: 非農林業 | CZ8: 非農林業 | DA8: 非農林業 | DB8: 非農林業 | DC8: 非農林業 | DD8: 非農林業 | DE8: 非農林業 | DF8: 非農林業 | DG8: 非農林業 | DH8: 非農林業 | DI8: 非農林業 | DK8: 就業者 | DL8: 農業，林業 | DM8: 農業，林業 | DN8: 農業，林業 | DO8: 非農林業 | DP8: 非農林業 | DQ8: 非農林業 | DR8: 非農林業 | DS8: 非農林業 | DT8: 非農林業 | DU8: 非農林業 | DV8: 非農林業 | DW8: 非農林業 | DX8: 非農林業 | DY8: 非農林業 | DZ8: 非農林業 | EA8: 非農林業 | EB8: 非農林業 | EC8: 非農林業 | ED8: 非農林業 | EE8: 非農林業 | EF8: 非農林業 | EG8: 非農林業 | EH8: 非農林業 | EI8: 非農林業 | EJ8: 非農林業 | EK8: 非農林業 | EL8: 非農林業 | EM8: 非農林業 | EN8: 非農林業 | EO8: 非農林業 | EP8: 非農林業 | EQ8: 非農林業 | ER8: 非農林業 | ES8: 非農林業 | ET8: 非農林業 | EU8: 非農林業 | EV8: 非農林業 | EW8: 非農林業 | EX8: 非農林業 | EY8: 非農林業 | EZ8: 非農林業 | FA8: 非農林業 | FB8: 非農林業 | FC8: 非農林業 | FD8: 非農林業 | FE8: 非農林業 | FF8: 非農林業 | FG8: 非農林業 | FH8: 非農林業 | FI8: 非農林業 | FJ8: 非農林業 | FK8: 非農林業 | FL8: 非農林業 | FM8: 非農林業 | FN8: 非農林業 | FO8: 非農林業 | FP8: 非農林業 | FQ8: 非農林業 | FR8: 非農林業 | FS8: 非農林業 | FT8: 非農林業 | FU8: 非農林業 | FV8: 非農林業 | FW8: 非農林業 | FX8: 非農林業 | FY8: 非農林業 | FZ8: 非農林業 | GA8: 非農林業 | GB8: 非農林業 | GC8: 非農林業 | GD8: 非農林業 | GE8: 非農林業 | GF8: 非農林業 | GG8: 非農林業 | GH8: 非農林業 | GI8: 非農林業 | GJ8: 非農林業 | GK8: 非農林業 | GL8: 非農林業 | GM8: 非農林業 | GN8: 非農林業 | GO8: 非農林業 | GP8: 非農林業 | GQ8: 非農林業 | GR8: 非農林業 | GS8: 非農林業 | GT8: 非農林業 | GU8: 非農林業 | GV8: 非農林業 | GW8: 非農林業 | GX8: 非農林業 | GY8: 非農林業 | GZ8: 非農林業 | HA8: 非農林業 | HB8: 非農林業 | HC8: 非農林業 | HD8: 非農林業 | HE8: 非農林業
O9: 就業者 | P9: 農業，林業 | Q9: 農業 | R9: 林業 | S9: 非農林業 | T9: 漁業 | U9: 漁業 | V9: 漁業 | W9: 鉱業，採石業，砂利採取業 | X9: 建設業 | Y9: 製造業 | Z9: 製造業 | AA9: 製造業 | AB9: 製造業 | AC9: 製造業 | AD9: 製造業 | AE9: 製造業 | AF9: 製造業 | AG9: 製造業 | AH9: 製造業 | AI9: 製造業 | AJ9: 製造業 | AK9: 製造業 | AL9: 製造業 | AM9: 製造業 | AN9: 製造業 | AO9: 製造業 | AP9: 製造業 | AQ9: 製造業 | AR9: 製造業 | AS9: 製造業 | AT9: 製造業 | AU9: 製造業 | AV9: 製造業 | AW9: 製造業 | AX9: 電気・ガス・熱供給・水道業 | AY9: 情報通信業 | AZ9: 情報通信業 | BA9: 情報通信業 | BB9: 情報通信業 | BC9: 情報通信業 | BD9: 情報通信業 | BE9: 運輸業，郵便業 | BF9: 運輸業，郵便業 | BG9: 運輸業，郵便業 | BH9: 運輸業，郵便業 | BI9: 運輸業，郵便業 | BJ9: 運輸業，郵便業 | BK9: 運輸業，郵便業 | BL9: 運輸業，郵便業 | BM9: 運輸業，郵便業 | BN9: 卸売業，小売業 | BO9: 卸売業，小売業 | BP9: 卸売業，小売業 | BQ9: 卸売業，小売業 | BR9: 卸売業，小売業 | BS9: 卸売業，小売業 | BT9: 卸売業，小売業 | BU9: 金融業，保険業 | BV9: 不動産業，物品賃貸業 | BW9: 不動産業，物品賃貸業 | BX9: 不動産業，物品賃貸業 | BY9: 学術研究，専門・技術サービス業 | BZ9: 学術研究，専門・技術サービス業 | CA9: 学術研究，専門・技術サービス業 | CB9: 学術研究，専門・技術サービス業 | CC9: 学術研究，専門・技術サービス業 | CD9: 宿泊業，飲食サービス業 | CE9: 宿泊業，飲食サービス業 | CF9: 宿泊業，飲食サービス業 | CG9: 宿泊業，飲食サービス業 | CH9: 生活関連サービス業，娯楽業 | CI9: 生活関連サービス業，娯楽業 | CJ9: 生活関連サービス業，娯楽業 | CK9: 生活関連サービス業，娯楽業 | CL9: 教育，学習支援業 | CM9: 教育，学習支援業 | CN9: 教育，学習支援業 | CO9: 医療，福祉 | CP9: 医療，福祉 | CQ9: 医療，福祉 | CR9: 医療，福祉 | CS9: 複合サービス事業 | CT9: 複合サービス事業 | CU9: 複合サービス事業 | CV9: サービス業(他に分類されないもの) | CW9: サービス業(他に分類されないもの) | CX9: サービス業(他に分類されないもの) | CY9: サービス業(他に分類されないもの) | CZ9: サービス業(他に分類されないもの) | DA9: サービス業(他に分類されないもの) | DB9: サービス業(他に分類されないもの) | DC9: サービス業(他に分類されないもの) | DD9: サービス業(他に分類されないもの) | DE9: サービス業(他に分類されないもの) | DF9: 公務(他に分類されるものを除く) | DG9: 公務(他に分類されるものを除く) | DH9: 公務(他に分類されるものを除く) | DI9: 分類不能の産業 | DK9: 就業者 | DL9: 農業，林業 | DM9: 農業 | DN9: 林業 | DO9: 非農林業 | DP9: 漁業 | DQ9: 漁業 | DR9: 漁業 | DS9: 鉱業，採石業，砂利採取業 | DT9: 建設業 | DU9: 製造業 | DV9: 製造業 | DW9: 製造業 | DX9: 製造業 | DY9: 製造業 | DZ9: 製造業 | EA9: 製造業 | EB9: 製造業 | EC9: 製造業 | ED9: 製造業 | EE9: 製造業 | EF9: 製造業 | EG9: 製造業 | EH9: 製造業 | EI9: 製造業 | EJ9: 製造業 | EK9: 製造業 | EL9: 製造業 | EM9: 製造業 | EN9: 製造業 | EO9: 製造業 | EP9: 製造業 | EQ9: 製造業 | ER9: 製造業 | ES9: 製造業 | ET9: 電気・ガス・熱供給・水道業 | EU9: 情報通信業 | EV9: 情報通信業 | EW9: 情報通信業 | EX9: 情報通信業 | EY9: 情報通信業 | EZ9: 情報通信業 | FA9: 運輸業，郵便業 | FB9: 運輸業，郵便業 | FC9: 運輸業，郵便業 | FD9: 運輸業，郵便業 | FE9: 運輸業，郵便業 | FF9: 運輸業，郵便業 | FG9: 運輸業，郵便業 | FH9: 運輸業，郵便業 | FI9: 運輸業，郵便業 | FJ9: 卸売業，小売業 | FK9: 卸売業，小売業 | FL9: 卸売業，小売業 | FM9: 卸売業，小売業 | FN9: 卸売業，小売業 | FO9: 卸売業，小売業 | FP9: 卸売業，小売業 | FQ9: 金融業，保険業 | FR9: 不動産業，物品賃貸業 | FS9: 不動産業，物品賃貸業 | FT9: 不動産業，物品賃貸業 | FU9: 学術研究，専門・技術サービス業 | FV9: 学術研究，専門・技術サービス業 | FW9: 学術研究，専門・技術サービス業 | FX9: 学術研究，専門・技術サービス業 | FY9: 学術研究，専門・技術サービス業 | FZ9: 宿泊業，飲食サービス業 | GA9: 宿泊業，飲食サービス業 | GB9: 宿泊業，飲食サービス業 | GC9: 宿泊業，飲食サービス業 | GD9: 生活関連サービス業，娯楽業 | GE9: 生活関連サービス業，娯楽業 | GF9: 生活関連サービス業，娯楽業 | GG9: 生活関連サービス業，娯楽業 | GH9: 教育，学習支援業 | GI9: 教育，学習支援業 | GJ9: 教育，学習支援業 | GK9: 医療，福祉 | GL9: 医療，福祉 | GM9: 医療，福祉 | GN9: 医療，福祉 | GO9: 複合サービス事業 | GP9: 複合サービス事業 | GQ9: 複合サービス事業 | GR9: サービス業(他に分類されないもの) | GS9: サービス業(他に分類されないもの) | GT9: サービス業(他に分類されないもの) | GU9: サービス業(他に分類されないもの) | GV9: サービス業(他に分類されないもの) | GW9: サービス業(他に分類されないもの) | GX9: サービス業(他に分類されないもの) | GY9: サービス業(他に分類されないもの) | GZ9: サービス業(他に分類されないもの) | HA9: サービス業(他に分類されないもの) | HB9: 公務(他に分類されるものを除く) | HC9: 公務(他に分類されるものを除く) | HD9: 公務(他に分類されるものを除く) | HE9: 分類不能の産業
O10: 就業者 | P10: 農業，林業 | Q10: 農業 | R10: 林業 | S10: 非農林業 | T10: 漁業 | U10: 漁業(水産養殖業を除く) | V10: 水産養殖業 | W10: 鉱業，採石業，砂利採取業 | X10: 建設業 | Y10: 製造業 | Z10: 食料品製造業 | AA10: 飲料・たばこ・飼料製造業 | AB10: 繊維工業 | AC10: 木材・木製品製造業(家具を除く) | AD10: 家具・装備品製造業 | AE10: パルプ・紙・紙加工品製造業 | AF10: 印刷・同関連業 | AG10: 化学工業 | AH10: 石油製品・石炭製品製造業 | AI10: プラスチック製品製造業(別掲を除く) | AJ10: ゴム製品製造業 | AK10: なめし革・同製品・毛皮製造業 | AL10: 窯業・土石製品製造業 | AM10: 鉄鋼業 | AN10: 非鉄金属製造業 | AO10: 金属製品製造業 | AP10: はん用機械器具製造業 | AQ10: 生産用機械器具製造業 | AR10: 業務用機械器具製造業 | AS10: 電子部品・デバイス・電子回路製造業 | AT10: 電気機械器具製造業 | AU10: 情報通信機械器具製造業 | AV10: 輸送用機械器具製造業 | AW10: その他の製造業 | AX10: 電気・ガス・熱供給・水道業 | AY10: 情報通信業 | AZ10: 通信業 | BA10: 放送業 | BB10: 情報サービス業 | BC10: インターネット附随サービス業 | BD10: 映像・音声・文字情報制作業 | BE10: 運輸業，郵便業 | BF10: 鉄道業 | BG10: 道路旅客運送業 | BH10: 道路貨物運送業 | BI10: 水運業 | BJ10: 航空運輸業 | BK10: 倉庫業 | BL10: 運輸に附帯するサービス業 | BM10: 郵便業(信書便事業を含む) | BN10: 卸売業，小売業 | BO10: 卸売業 | BP10: 各種商品小売業 | BQ10: 織物・衣服・身の回り品小売業 | BR10: 飲食料品小売業 | BS10: 機械器具小売業 | BT10: その他の小売業 | BU10: 金融業，保険業 | BV10: 不動産業，物品賃貸業 | BW10: 不動産業 | BX10: 物品賃貸業 | BY10: 学術研究，専門・技術サービス業 | BZ10: 学術・開発研究機関 | CA10: 専門サービス業(他に分類されないもの) | CB10: 広告業 | CC10: 技術サービス業(他に分類されないもの) | CD10: 宿泊業，飲食サービス業 | CE10: 宿泊業 | CF10: 飲食店 | CG10: 持ち帰り・配達飲食サービス業 | CH10: 生活関連サービス業，娯楽業 | CI10: 洗濯・理容・美容・浴場業 | CJ10: その他の生活関連サービス業 | CK10: 娯楽業 | CL10: 教育，学習支援業 | CM10: 学校教育 | CN10: その他の教育，学習支援業 | CO10: 医療，福祉 | CP10: 医療業 | CQ10: 保健衛生 | CR10: 社会保険・社会福祉・介護事業 | CS10: 複合サービス事業 | CT10: 郵便局 | CU10: 協同組合(他に分類されないもの) | CV10: サービス業(他に分類されないもの) | CW10: 廃棄物処理業 | CX10: 自動車整備業 | CY10: 機械等修理業(別掲を除く) | CZ10: 職業紹介・労働者派遣業 | DA10: その他の事業サービス業 | DB10: 政治・経済・文化団体 | DC10: 宗教 | DD10: その他のサービス業 | DE10: 外国公務 | DF10: 公務(他に分類されるものを除く) | DG10: 国家公務 | DH10: 地方公務 | DI10: 分類不能の産業 | DK10: 就業者全体 | DL10: 農業，林業 | DM10: 農業 | DN10: 林業 | DO10: 非農林業 | DP10: 漁業 | DQ10: 漁業(水産養殖業を除く) | DR10: 水産養殖業 | DS10: 鉱業，採石業，砂利採取業 | DT10: 建設業 | DU10: 製造業 | DV10: 食料品製造業 | DW10: 飲料・たばこ・飼料製造業 | DX10: 繊維工業 | DY10: 木材・木製品製造業(家具を除く) | DZ10: 家具・装備品製造業 | EA10: パルプ・紙・紙加工品製造業 | EB10: 印刷・同関連業 | EC10: 化学工業 | ED10: 石油製品・石炭製品製造業 | EE10: プラスチック製品製造業(別掲を除く) | EF10: ゴム製品製造業 | EG10: なめし革・同製品・毛皮製造業 | EH10: 窯業・土石製品製造業 | EI10: 鉄鋼業 | EJ10: 非鉄金属製造業 | EK10: 金属製品製造業 | EL10: はん用機械器具製造業 | EM10: 生産用機械器具製造業 | EN10: 業務用機械器具製造業 | EO10: 電子部品・デバイス・電子回路製造業 | EP10: 電気機械器具製造業 | EQ10: 情報通信機械器具製造業 | ER10: 輸送用機械器具製造業 | ES10: その他の製造業 | ET10: 電気・ガス・熱供給・水道業 | EU10: 情報通信業 | EV10: 通信業 | EW10: 放送業 | EX10: 情報サービス業 | EY10: インターネット附随サービス業 | EZ10: 映像・音声・文字情報制作業 | FA10: 運輸業，郵便業 | FB10: 鉄道業 | FC10: 道路旅客運送業 | FD10: 道路貨物運送業 | FE10: 水運業 | FF10: 航空運輸業 | FG10: 倉庫業 | FH10: 運輸に附帯するサービス業 | FI10: 郵便業(信書便事業を含む) | FJ10: 卸売業，小売業 | FK10: 卸売業 | FL10: 各種商品小売業 | FM10: 織物・衣服・身の回り品小売業 | FN10: 飲食料品小売業 | FO10: 機械器具小売業 | FP10: その他の小売業 | FQ10: 金融業，保険業 | FR10: 不動産業，物品賃貸業 | FS10: 不動産業 | FT10: 物品賃貸業 | FU10: 学術研究，専門・技術サービス業 | FV10: 学術・開発研究機関 | FW10: 専門サービス業(他に分類されないもの) | FX10: 広告業 | FY10: 技術サービス業(他に分類されないもの) | FZ10: 宿泊業，飲食サービス業 | GA10: 宿泊業 | GB10: 飲食店 | GC10: 持ち帰り・配達飲食サービス業 | GD10: 生活関連サービス業，娯楽業 | GE10: 洗濯・理容・美容・浴場業 | GF10: その他の生活関連サービス業 | GG10: 娯楽業 | GH10: 教育，学習支援業 | GI10: 学校教育 | GJ10: その他の教育，学習支援業 | GK10: 医療，福祉 | GL10: 医療業 | GM10: 保健衛生 | GN10: 社会保険・社会福祉・介護事業 | GO10: 複合サービス事業 | GP10: 郵便局 | GQ10: 協同組合(他に分類されないもの) | GR10: サービス業(他に分類されないもの) | GS10: 廃棄物処理業 | GT10: 自動車整備業 | GU10: 機械等修理業(別掲を除く) | GV10: 職業紹介・労働者派遣業 | GW10: その他の事業サービス業 | GX10: 政治・経済・文化団体 | GY10: 宗教 | GZ10: その他のサービス業 | HA10: 外国公務 | HB10: 公務(他に分類されるものを除く) | HC10: 国家公務 | HD10: 地方公務 | HE10: 分類不能の産業
H11: 時間軸コード | I11: 時間軸 | J11: 地域コード | K11: 地域 | L11: 階層 | M11: 項目 | N11: 管理番号 | O11: 万人 | P11: 万人 | Q11: 万人 | R11: 万人 | S11: 万人 | T11: 万人 | U11: 万人 | V11: 万人 | W11: 万人 | X11: 万人 | Y11: 万人 | Z11: 万人 | AA11: 万人 | AB11: 万人 | AC11: 万人 | AD11: 万人 | AE11: 万人 | AF11: 万人 | AG11: 万人 | AH11: 万人 | AI11: 万人 | AJ11: 万人 | AK11: 万人 | AL11: 万人 | AM11: 万人 | AN11: 万人 | AO11: 万人 | AP11: 万人 | AQ11: 万人 | AR11: 万人 | AS11: 万人 | AT11: 万人 | AU11: 万人 | AV11: 万人 | AW11: 万人 | AX11: 万人 | AY11: 万人 | AZ11: 万人 | BA11: 万人 | BB11: 万人 | BC11: 万人 | BD11: 万人 | BE11: 万人 | BF11: 万人 | BG11: 万人 | BH11: 万人 | BI11: 万人 | BJ11: 万人 | BK11: 万人 | BL11: 万人 | BM11: 万人 | BN11: 万人 | BO11: 万人 | BP11: 万人 | BQ11: 万人 | BR11: 万人 | BS11: 万人 | BT11: 万人 | BU11: 万人 | BV11: 万人 | BW11: 万人 | BX11: 万人 | BY11: 万人 | BZ11: 万人 | CA11: 万人 | CB11: 万人 | CC11: 万人 | CD11: 万人 | CE11: 万人 | CF11: 万人 | CG11: 万人 | CH11: 万人 | CI11: 万人 | CJ11: 万人 | CK11: 万人 | CL11: 万人 | CM11: 万人 | CN11: 万人 | CO11: 万人 | CP11: 万人 | CQ11: 万人 | CR11: 万人 | CS11: 万人 | CT11: 万人 | CU11: 万人 | CV11: 万人 | CW11: 万人 | CX11: 万人 | CY11: 万人 | CZ11: 万人 | DA11: 万人 | DB11: 万人 | DC11: 万人 | DD11: 万人 | DE11: 万人 | DF11: 万人 | DG11: 万人 | DH11: 万人 | DI11: 万人 | DK11: 万人 | DL11: 万人 | DM11: 万人 | DN11: 万人 | DO11: 万人 | DP11: 万人 | DQ11: 万人 | DR11: 万人 | DS11: 万人 | DT11: 万人 | DU11: 万人 | DV11: 万人 | DW11: 万人 | DX11: 万人 | DY11: 万人 | DZ11: 万人 | EA11: 万人 | EB11: 万人 | EC11: 万人 | ED11: 万人 | EE11: 万人 | EF11: 万人 | EG11: 万人 | EH11: 万人 | EI11: 万人 | EJ11: 万人 | EK11: 万人 | EL11: 万人 | EM11: 万人 | EN11: 万人 | EO11: 万人 | EP11: 万人 | EQ11: 万人 | ER11: 万人 | ES11: 万人 | ET11: 万人 | EU11: 万人 | EV11: 万人 | EW11: 万人 | EX11: 万人 | EY11: 万人 | EZ11: 万人 | FA11: 万人 | FB11: 万人 | FC11: 万人 | FD11: 万人 | FE11: 万人 | FF11: 万人 | FG11: 万人 | FH11: 万人 | FI11: 万人 | FJ11: 万人 | FK11: 万人 | FL11: 万人 | FM11: 万人 | FN11: 万人 | FO11: 万人 | FP11: 万人 | FQ11: 万人 | FR11: 万人 | FS11: 万人 | FT11: 万人 | FU11: 万人 | FV11: 万人 | FW11: 万人 | FX11: 万人 | FY11: 万人 | FZ11: 万人 | GA11: 万人 | GB11: 万人 | GC11: 万人 | GD11: 万人 | GE11: 万人 | GF11: 万人 | GG11: 万人 | GH11: 万人 | GI11: 万人 | GJ11: 万人 | GK11: 万人 | GL11: 万人 | GM11: 万人 | GN11: 万人 | GO11: 万人 | GP11: 万人 | GQ11: 万人 | GR11: 万人 | GS11: 万人 | GT11: 万人 | GU11: 万人 | GV11: 万人 | GW11: 万人 | GX11: 万人 | GY11: 万人 | GZ11: 万人 | HA11: 万人 | HB11: 万人 | HC11: 万人 | HD11: 万人 | HE11: 万人
A12: 02021 | B12: 97*D0 | D12: 01 | E12: 0000 | F12: 1 | H12: 2022000000 | I12: 2022年平均 | J12: 0 | K12: 全国 | L12: 1 | M12: 男女計 | N12: 1 | O12: 6723 | P12: 192 | Q12: 185 | R12: 7 | S12: 6531 | T12: 13 | U12: 9 | V12: 4 | W12: 2 | X12: 479 | Y12: 1044 | Z12: 133 | AA12: 15 | AB12: 35 | AC12: 12 | AD12: 12 | AE12: 23 | AF12: 38 | AG12: 68 | AH12: 4 | AI12: 50 | AJ12: 16 | AK12: 4 | AL12: 32 | AM12: 24 | AN12: 17 | AO12: 97 | AP12: 37 | AQ12: 70 | AR12: 35 | AS12: 64 | AT12: 64 | AU12: 20 | AV12: 132 | AW12: 43 | AX12: 32 | AY12: 272 | AZ12: 20 | BA12: 8 | BB12: 186 | BC12: 20 | BD12: 37 | BE12: 351 | BF12: 26 | BG12: 41 | BH12: 201 | BI12: 5 | BJ12: 6 | BK12: 27 | BL12: 33 | BM12: 12 | BN12: 1044 | BO12: 311 | BP12: 37 | BQ12: 58 | BR12: 287 | BS12: 93 | BT12: 258 | BU12: 160 | BV12: 141 | BW12: 112 | BX12: 28 | BY12: 254 | BZ12: 19 | CA12: 114 | CB12: 18 | CC12: 103 | CD12: 381 | CE12: 53 | CF12: 269 | CG12: 59 | CH12: 225 | CI12: 107 | CJ12: 45 | CK12: 74 | CL12: 349 | CM12: 240 | CN12: 109 | CO12: 908 | CP12: 433 | CQ12: 15 | CR12: 460 | CS12: 50 | CT12: 27 | CU12: 23 | CV12: 463 | CW12: 34 | CX12: 29 | CY12: 26 | CZ12: 37 | DA12: 286 | DB12: 26 | DC12: 19 | DD12: 5 | DE12: 2 | DF12: 251 | DG12: 69 | DH12: 183 | DI12: 113 | DK12: =IFERROR(O12/O$12,"") -> 1 | DL12: =IFERROR(P12/P$12,"") -> 1 | DM12: =IFERROR(Q12/Q$12,"") -> 1 | DN12: =IFERROR(R12/R$12,"") -> 1 | DO12: =IFERROR(S12/S$12,"") -> 1 | DP12: =IFERROR(T12/T$12,"") -> 1 | DQ12: =IFERROR(U12/U$12,"") -> 1 | DR12: =IFERROR(V12/V$12,"") -> 1 | ... HE12: =IFERROR(DI12/DI$12,"") -> 1
A13: 02021 | B13: 97*D0 | D13: 01 | E13: 0000 | F13: 2 | H13: 2022000000 | I13: 2022年平均 | J13: 0 | K13: 全国 | L13: 3 | M13: 15～19歳 | N13: 2 | O13: 106 | P13: 1 | Q13: 1 | R13: - | S13: 105 | T13: 0 | U13: 0 | V13: - | W13: - | X13: 3 | Y13: 10 | Z13: 2 | AA13: 0 | AB13: 0 | AC13: 0 | AD13: 0 | AE13: 0 | AF13: 0 | AG13: 1 | AH13: 0 | AI13: 0 | AJ13: 0 | AK13: 0 | AL13: 0 | AM13: 0 | AN13: 0 | AO13: 1 | AP13: 0 | AQ13: 1 | AR13: 0 | AS13: 1 | AT13: 0 | AU13: 0 | AV13: 2 | AW13: 0 | AX13: 0 | AY13: 0 | AZ13: 0 | BA13: 0 | BB13: 0 | BC13: 0 | BD13: 0 | BE13: 2 | BF13: 0 | BG13: 0 | BH13: 2 | BI13: 0 | BJ13: - | BK13: 0 | BL13: 0 | BM13: 0 | BN13: 30 | BO13: 1 | BP13: 1 | BQ13: 1 | BR13: 19 | BS13: 1 | BT13: 7 | BU13: 0 | BV13: 0 | BW13: 0 | BX13: 0 | BY13: 1 | BZ13: 0 | CA13: 0 | CB13: 0 | CC13: 0 | CD13: 39 | CE13: 1 | CF13: 36 | CG13: 2 | CH13: 4 | CI13: 1 | CJ13: 0 | CK13: 2 | CL13: 6 | CM13: 0 | CN13: 5 | CO13: 3 | CP13: 1 | CQ13: 0 | CR13: 2 | CS13: 0 | CT13: 0 | CU13: 0 | CV13: 3 | CW13: 0 | CX13: 0 | CY13: 0 | CZ13: 0 | DA13: 2 | DB13: 0 | DC13: 0 | DD13: 0 | DE13: - | DF13: 2 | DG13: 1 | DH13: 1 | DI13: 2 | DK13: =IFERROR(O13/O$12,"") -> 0.015766771 | DL13: =IFERROR(P13/P$12,"") -> 0.0052083333 | DM13: =IFERROR(Q13/Q$12,"") -> 0.0054054054 | DN13: =IFERROR(R13/R$12,"") | DO13: =IFERROR(S13/S$12,"") -> 0.01607717 | DP13: =IFERROR(T13/T$12,"") -> 0 | DQ13: =IFERROR(U13/U$12,"") -> 0 | DR13: =IFERROR(V13/V$12,"") | ... HE13: =IFERROR(DI13/DI$12,"") -> 0.017699115
A14: 02021 | B14: 97*D0 | D14: 01 | E14: 0000 | F14: 3 | H14: 2022000000 | I14: 2022年平均 | J14: 0 | K14: 全国 | L14: 3 | M14: 20～24歳 | N14: 3 | O14: 441 | P14: 5 | Q14: 4 | R14: 0 | S14: 437 | T14: 0 | U14: 0 | V14: 0 | W14: 0 | X14: 21 | Y14: 59 | Z14: 9 | AA14: 1 | AB14: 1 | AC14: 1 | AD14: 0 | AE14: 1 | AF14: 2 | AG14: 5 | AH14: 1 | AI14: 3 | AJ14: 1 | AK14: 0 | AL14: 1 | AM14: 1 | AN14: 1 | AO14: 5 | AP14: 2 | AQ14: 4 | AR14: 1 | AS14: 4 | AT14: 3 | AU14: 1 | AV14: 10 | AW14: 2 | AX14: 1 | AY14: 19 | AZ14: 2 | BA14: 0 | BB14: 13 | BC14: 1 | BD14: 2 | BE14: 15 | BF14: 2 | BG14: 0 | BH14: 8 | BI14: 0 | BJ14: 0 | BK14: 1 | BL14: 2 | BM14: 0 | BN14: 85 | BO14: 12 | BP14: 3 | BQ14: 6 | BR14: 33 | BS14: 8 | BT14: 23 | BU14: 7 | BV14: 5 | BW14: 3 | BX14: 2 | BY14: 11 | BZ14: 1 | CA14: 3 | CB14: 1 | CC14: 6 | CD14: 60 | CE14: 5 | CF14: 50 | CG14: 6 | CH14: 20 | CI14: 7 | CJ14: 2 | CK14: 11 | CL14: 31 | CM14: 14 | CN14: 17 | CO14: 54 | CP14: 30 | CQ14: 1 | CR14: 23 | CS14: 3 | CT14: 1 | CU14: 2 | CV14: 20 | CW14: 1 | CX14: 1 | CY14: 1 | CZ14: 3 | DA14: 13 | DB14: 0 | DC14: 0 | DD14: 0 | DE14: 0 | DF14: 16 | DG14: 7 | DH14: 9 | DI14: 9 | DK14: =IFERROR(O14/O$12,"") -> 0.065595716 | DL14: =IFERROR(P14/P$12,"") -> 0.026041667 | DM14: =IFERROR(Q14/Q$12,"") -> 0.021621622 | DN14: =IFERROR(R14/R$12,"") -> 0 | DO14: =IFERROR(S14/S$12,"") -> 0.066911652 | DP14: =IFERROR(T14/T$12,"") -> 0 | DQ14: =IFERROR(U14/U$12,"") -> 0 | DR14: =IFERROR(V14/V$12,"") -> 0 | ... HE14: =IFERROR(DI14/DI$12,"") -> 0.079646018
A15: 02021 | B15: 97*D0 | D15: 01 | E15: 0000 | F15: 4 | H15: 2022000000 | I15: 2022年平均 | J15: 0 | K15: 全国 | L15: 3 | M15: 25～29歳 | N15: 4 | O15: 558 | P15: 5 | Q15: 5 | R15: 0 | S15: 553 | T15: 1 | U15: 0 | V15: 0 | W15: 0 | X15: 32 | Y15: 91 | Z15: 12 | AA15: 2 | AB15: 2 | AC15: 1 | AD15: 1 | AE15: 2 | AF15: 2 | AG15: 6 | AH15: 1 | AI15: 3 | AJ15: 1 | AK15: 0 | AL15: 2 | AM15: 2 | AN15: 1 | AO15: 8 | AP15: 4 | AQ15: 7 | AR15: 2 | AS15: 6 | AT15: 5 | AU15: 2 | AV15: 14 | AW15: 4 | AX15: 3 | AY15: 43 | AZ15: 3 | BA15: 1 | BB15: 31 | BC15: 4 | BD15: 4 | BE15: 21 | BF15: 3 | BG15: 1 | BH15: 10 | BI15: 0 | BJ15: 1 | BK15: 2 | BL15: 3 | BM15: 1 | BN15: 81 | BO15: 25 | BP15: 2 | BQ15: 6 | BR15: 17 | BS15: 9 | BT15: 21 | BU15: 20 | BV15: 9 | BW15: 6 | BX15: 2 | BY15: 23 | BZ15: 2 | CA15: 9 | CB15: 2 | CC15: 10 | CD15: 21 | CE15: 5 | CF15: 13 | CG15: 3 | CH15: 18 | CI15: 7 | CJ15: 3 | CK15: 7 | CL15: 30 | CM15: 23 | CN15: 7 | CO15: 87 | CP15: 49 | CQ15: 1 | CR15: 37 | CS15: 3 | CT15: 2 | CU15: 2 | CV15: 34 | CW15: 2 | CX15: 2 | CY15: 2 | CZ15: 7 | DA15: 19 | DB15: 1 | DC15: 1 | DD15: 0 | DE15: 0 | DF15: 27 | DG15: 8 | DH15: 19 | DI15: 9 | DK15: =IFERROR(O15/O$12,"") -> 0.082998661 | DL15: =IFERROR(P15/P$12,"") -> 0.026041667 | DM15: =IFERROR(Q15/Q$12,"") -> 0.027027027 | DN15: =IFERROR(R15/R$12,"") -> 0 | DO15: =IFERROR(S15/S$12,"") -> 0.084673098 | DP15: =IFERROR(T15/T$12,"") -> 0.076923077 | DQ15: =IFERROR(U15/U$12,"") -> 0 | DR15: =IFERROR(V15/V$12,"") -> 0 | ... HE15: =IFERROR(DI15/DI$12,"") -> 0.079646018
A16: 02021 | B16: 97*D0 | D16: 01 | E16: 0000 | F16: 5 | H16: 2022000000 | I16: 2022年平均 | J16: 0 | K16: 全国 | L16: 3 | M16: 30～34歳 | N16: 5 | O16: 552 | P16: 7 | Q16: 6 | R16: 0 | S16: 545 | T16: 0 | U16: 0 | V16: 0 | W16: 0 | X16: 30 | Y16: 95 | Z16: 11 | AA16: 1 | AB16: 2 | AC16: 1 | AD16: 1 | AE16: 2 | AF16: 3 | AG16: 7 | AH16: 0 | AI16: 5 | AJ16: 1 | AK16: 0 | AL16: 2 | AM16: 3 | AN16: 1 | AO16: 9 | AP16: 4 | AQ16: 7 | AR16: 3 | AS16: 5 | AT16: 6 | AU16: 1 | AV16: 15 | AW16: 4 | AX16: 3 | AY16: 35 | AZ16: 2 | BA16: 1 | BB16: 24 | BC16: 4 | BD16: 4 | BE16: 24 | BF16: 3 | BG16: 1 | BH16: 12 | BI16: 0 | BJ16: 1 | BK16: 3 | BL16: 4 | BM16: 1 | BN16: 81 | BO16: 25 | BP16: 2 | BQ16: 5 | BR16: 18 | BS16: 9 | BT16: 22 | BU16: 14 | BV16: 10 | BW16: 8 | BX16: 3 | BY16: 25 | BZ16: 2 | CA16: 12 | CB16: 3 | CC16: 9 | CD16: 21 | CE16: 4 | CF16: 15 | CG16: 3 | CH16: 17 | CI16: 7 | CJ16: 3 | CK16: 8 | CL16: 31 | CM16: 25 | CN16: 6 | CO16: 81 | CP16: 44 | CQ16: 1 | CR16: 35 | CS16: 4 | CT16: 2 | CU16: 2 | CV16: 34 | CW16: 2 | CX16: 2 | CY16: 2 | CZ16: 6 | DA16: 19 | DB16: 2 | DC16: 1 | DD16: 0 | DE16: 0 | DF16: 29 | DG16: 7 | DH16: 22 | DI16: 9 | DK16: =IFERROR(O16/O$12,"") -> 0.082106203 | DL16: =IFERROR(P16/P$12,"") -> 0.036458333 | DM16: =IFERROR(Q16/Q$12,"") -> 0.032432432 | DN16: =IFERROR(R16/R$12,"") -> 0 | DO16: =IFERROR(S16/S$12,"") -> 0.08344817 | DP16: =IFERROR(T16/T$12,"") -> 0 | DQ16: =IFERROR(U16/U$12,"") -> 0 | DR16: =IFERROR(V16/V$12,"") -> 0 | ... HE16: =IFERROR(DI16/DI$12,"") -> 0.079646018
A17: 02021 | B17: 97*D0 | D17: 01 | E17: 0000 | F17: 6 | H17: 2022000000 | I17: 2022年平均 | J17: 0 | K17: 全国 | L17: 3 | M17: 35～39歳 | N17: 6 | O17: 619 | P17: 9 | Q17: 8 | R17: 1 | S17: 610 | T17: 1 | U17: 0 | V17: 0 | W17: 0 | X17: 39 | Y17: 105 | Z17: 12 | AA17: 2 | AB17: 3 | AC17: 1 | AD17: 1 | AE17: 2 | AF17: 3 | AG17: 8 | AH17: 0 | AI17: 5 | AJ17: 2 | AK17: 0 | AL17: 3 | AM17: 3 | AN17: 2 | AO17: 9 | AP17: 4 | AQ17: 7 | AR17: 4 | AS17: 7 | AT17: 6 | AU17: 2 | AV17: 14 | AW17: 5 | AX17: 2 | AY17: 36 | AZ17: 2 | BA17: 1 | BB17: 25 | BC17: 3 | BD17: 4 | BE17: 29 | BF17: 3 | BG17: 1 | BH17: 16 | BI17: 0 | BJ17: 1 | BK17: 3 | BL17: 3 | BM17: 1 | BN17: 93 | BO17: 31 | BP17: 3 | BQ17: 7 | BR17: 20 | BS17: 10 | BT17: 23 | BU17: 18 | BV17: 10 | BW17: 7 | BX17: 3 | BY17: 27 | BZ17: 2 | CA17: 14 | CB17: 2 | CC17: 9 | CD17: 27 | CE17: 4 | CF17: 19 | CG17: 5 | CH17: 22 | CI17: 11 | CJ17: 4 | CK17: 7 | CL17: 30 | CM17: 23 | CN17: 8 | CO17: 93 | CP17: 47 | CQ17: 2 | CR17: 44 | CS17: 5 | CT17: 3 | CU17: 2 | CV17: 36 | CW17: 3 | CX17: 2 | CY17: 2 | CZ17: 5 | DA17: 21 | DB17: 2 | DC17: 1 | DD17: 0 | DE17: 0 | DF17: 27 | DG17: 7 | DH17: 20 | DI17: 9 | DK17: =IFERROR(O17/O$12,"") -> 0.092071992 | DL17: =IFERROR(P17/P$12,"") -> 0.046875 | DM17: =IFERROR(Q17/Q$12,"") -> 0.043243243 | DN17: =IFERROR(R17/R$12,"") -> 0.14285714 | DO17: =IFERROR(S17/S$12,"") -> 0.093400704 | DP17: =IFERROR(T17/T$12,"") -> 0.076923077 | DQ17: =IFERROR(U17/U$12,"") -> 0 | DR17: =IFERROR(V17/V$12,"") -> 0 | ... HE17: =IFERROR(DI17/DI$12,"") -> 0.079646018
A18: 02021 | B18: 97*D0 | D18: 01 | E18: 0000 | F18: 7 | H18: 2022000000 | I18: 2022年平均 | J18: 0 | K18: 全国 | L18: 3 | M18: 40～44歳 | N18: 7 | O18: 694 | P18: 10 | Q18: 10 | R18: 0 | S18: 684 | T18: 1 | U18: 1 | V18: 0 | W18: 0 | X18: 48 | Y18: 120 | Z18: 14 | AA18: 2 | AB18: 3 | AC18: 1 | AD18: 1 | AE18: 2 | AF18: 5 | AG18: 8 | AH18: 0 | AI18: 6 | AJ18: 2 | AK18: 1 | AL18: 4 | AM18: 3 | AN18: 2 | AO18: 10 | AP18: 4 | AQ18: 8 | AR18: 4 | AS18: 8 | AT18: 7 | AU18: 2 | AV18: 17 | AW18: 5 | AX18: 3 | AY18: 34 | AZ18: 2 | BA18: 1 | BB18: 23 | BC18: 3 | BD18: 5 | BE18: 38 | BF18: 3 | BG18: 2 | BH18: 23 | BI18: 0 | BJ18: 1 | BK18: 3 | BL18: 4 | BM18: 2 | BN18: 105 | BO18: 34 | BP18: 4 | BQ18: 7 | BR18: 23 | BS18: 10 | BT18: 27 | BU18: 16 | BV18: 13 | BW18: 10 | BX18: 3 | BY18: 28 | BZ18: 2 | CA18: 14 | CB18: 3 | CC18: 9 | CD18: 31 | CE18: 4 | CF18: 22 | CG18: 5 | CH18: 22 | CI18: 12 | CJ18: 3 | CK18: 7 | CL18: 34 | CM18: 25 | CN18: 9 | CO18: 102 | CP18: 52 | CQ18: 1 | CR18: 49 | CS18: 6 | CT18: 3 | CU18: 3 | CV18: 42 | CW18: 4 | CX18: 3 | CY18: 3 | CZ18: 4 | DA18: 24 | DB18: 2 | DC18: 2 | DD18: 1 | DE18: 0 | DF18: 29 | DG18: 8 | DH18: 21 | DI18: 11 | DK18: =IFERROR(O18/O$12,"") -> 0.10322773 | DL18: =IFERROR(P18/P$12,"") -> 0.052083333 | DM18: =IFERROR(Q18/Q$12,"") -> 0.054054054 | DN18: =IFERROR(R18/R$12,"") -> 0 | DO18: =IFERROR(S18/S$12,"") -> 0.10473128 | DP18: =IFERROR(T18/T$12,"") -> 0.076923077 | DQ18: =IFERROR(U18/U$12,"") -> 0.11111111 | DR18: =IFERROR(V18/V$12,"") -> 0 | ... HE18: =IFERROR(DI18/DI$12,"") -> 0.097345133
A19: 02021 | B19: 97*D0 | D19: 01 | E19: 0000 | F19: 8 | H19: 2022000000 | I19: 2022年平均 | J19: 0 | K19: 全国 | L19: 3 | M19: 45～49歳 | N19: 8 | O19: 830 | P19: 12 | Q19: 11 | R19: 1 | S19: 818 | T19: 1 | U19: 1 | V19: 0 | W19: 0 | X19: 68 | Y19: 145 | Z19: 17 | AA19: 2 | AB19: 4 | AC19: 2 | AD19: 1 | AE19: 3 | AF19: 6 | AG19: 10 | AH19: 0 | AI19: 7 | AJ19: 2 | AK19: 0 | AL19: 5 | AM19: 3 | AN19: 3 | AO19: 13 | AP19: 5 | AQ19: 10 | AR19: 6 | AS19: 10 | AT19: 9 | AU19: 3 | AV19: 17 | AW19: 5 | AX19: 5 | AY19: 34 | AZ19: 3 | BA19: 1 | BB19: 23 | BC19: 3 | BD19: 4 | BE19: 51 | BF19: 4 | BG19: 4 | BH19: 32 | BI19: 0 | BJ19: 1 | BK19: 4 | BL19: 4 | BM19: 2 | BN19: 128 | BO19: 45 | BP19: 4 | BQ19: 6 | BR19: 29 | BS19: 12 | BT19: 32 | BU19: 20 | BV19: 14 | BW19: 10 | BX19: 4 | BY19: 32 | BZ19: 3 | CA19: 15 | CB19: 2 | CC19: 12 | CD19: 37 | CE19: 5 | CF19: 25 | CG19: 7 | CH19: 22 | CI19: 11 | CJ19: 5 | CK19: 6 | CL19: 41 | CM19: 31 | CN19: 10 | CO19: 112 | CP19: 55 | CQ19: 2 | CR19: 55 | CS19: 8 | CT19: 5 | CU19: 3 | CV19: 52 | CW19: 5 | CX19: 4 | CY19: 4 | CZ19: 4 | DA19: 29 | DB19: 3 | DC19: 2 | DD19: 0 | DE19: 0 | DF19: 33 | DG19: 9 | DH19: 24 | DI19: 14 | DK19: =IFERROR(O19/O$12,"") -> 0.12345679 | DL19: =IFERROR(P19/P$12,"") -> 0.0625 | DM19: =IFERROR(Q19/Q$12,"") -> 0.059459459 | DN19: =IFERROR(R19/R$12,"") -> 0.14285714 | DO19: =IFERROR(S19/S$12,"") -> 0.12524881 | DP19: =IFERROR(T19/T$12,"") -> 0.076923077 | DQ19: =IFERROR(U19/U$12,"") -> 0.11111111 | DR19: =IFERROR(V19/V$12,"") -> 0 | ... HE19: =IFERROR(DI19/DI$12,"") -> 0.12389381
A20: 02021 | B20: 97*D0 | D20: 01 | E20: 0000 | F20: 9 | H20: 2022000000 | I20: 2022年平均 | J20: 0 | K20: 全国 | L20: 3 | M20: 50～54歳 | N20: 9 | O20: 806 | P20: 12 | Q20: 11 | R20: 1 | S20: 795 | T20: 1 | U20: 1 | V20: 0 | W20: 0 | X20: 66 | Y20: 141 | Z20: 16 | AA20: 2 | AB20: 4 | AC20: 1 | AD20: 2 | AE20: 4 | AF20: 5 | AG20: 9 | AH20: 0 | AI20: 7 | AJ20: 2 | AK20: 1 | AL20: 5 | AM20: 3 | AN20: 3 | AO20: 13 | AP20: 5 | AQ20: 9 | AR20: 5 | AS20: 10 | AT20: 10 | AU20: 4 | AV20: 16 | AW20: 6 | AX20: 5 | AY20: 29 | AZ20: 2 | BA20: 1 | BB20: 20 | BC20: 1 | BD20: 5 | BE20: 53 | BF20: 2 | BG20: 5 | BH20: 34 | BI20: 1 | BJ20: 1 | BK20: 4 | BL20: 4 | BM20: 2 | BN20: 126 | BO20: 44 | BP20: 6 | BQ20: 5 | BR20: 31 | BS20: 11 | BT20: 30 | BU20: 22 | BV20: 15 | BW20: 11 | BX20: 4 | BY20: 29 | BZ20: 3 | CA20: 13 | CB20: 2 | CC20: 12 | CD20: 35 | CE20: 5 | CF20: 23 | CG20: 7 | CH20: 21 | CI20: 11 | CJ20: 5 | CK20: 5 | CL20: 39 | CM20: 30 | CN20: 10 | CO20: 105 | CP20: 49 | CQ20: 2 | CR20: 54 | CS20: 8 | CT20: 4 | CU20: 3 | CV20: 51 | CW20: 5 | CX20: 4 | CY20: 4 | CZ20: 3 | DA20: 30 | DB20: 3 | DC20: 2 | DD20: 0 | DE20: 1 | DF20: 35 | DG20: 10 | DH20: 25 | DI20: 13 | DK20: =IFERROR(O20/O$12,"") -> 0.11988696 | DL20: =IFERROR(P20/P$12,"") -> 0.0625 | DM20: =IFERROR(Q20/Q$12,"") -> 0.059459459 | DN20: =IFERROR(R20/R$12,"") -> 0.14285714 | DO20: =IFERROR(S20/S$12,"") -> 0.12172715 | DP20: =IFERROR(T20/T$12,"") -> 0.076923077 | DQ20: =IFERROR(U20/U$12,"") -> 0.11111111 | DR20: =IFERROR(V20/V$12,"") -> 0 | ... HE20: =IFERROR(DI20/DI$12,"") -> 0.11504425
A21: 02021 | B21: 97*D0 | D21: 01 | E21: 0000 | F21: 10 | H21: 2022000000 | I21: 2022年平均 | J21: 0 | K21: 全国 | L21: 3 | M21: 55～59歳 | N21: 10 | O21: 662 | P21: 12 | Q21: 11 | R21: 1 | S21: 650 | T21: 1 | U21: 1 | V21: 0 | W21: 0 | X21: 49 | Y21: 112 | Z21: 13 | AA21: 2 | AB21: 4 | AC21: 1 | AD21: 1 | AE21: 2 | AF21: 4 | AG21: 8 | AH21: 0 | AI21: 6 | AJ21: 1 | AK21: 0 | AL21: 4 | AM21: 2 | AN21: 2 | AO21: 10 | AP21: 4 | AQ21: 8 | AR21: 4 | AS21: 8 | AT21: 8 | AU21: 3 | AV21: 13 | AW21: 4 | AX21: 4 | AY21: 22 | AZ21: 2 | BA21: 1 | BB21: 15 | BC21: 1 | BD21: 4 | BE21: 43 | BF21: 2 | BG21: 7 | BH21: 26 | BI21: 1 | BJ21: 1 | BK21: 3 | BL21: 3 | BM21: 1 | BN21: 103 | BO21: 35 | BP21: 5 | BQ21: 4 | BR21: 28 | BS21: 7 | BT21: 23 | BU21: 21 | BV21: 13 | BW21: 11 | BX21: 2 | BY21: 24 | BZ21: 2 | CA21: 10 | CB21: 1 | CC21: 10 | CD21: 26 | CE21: 5 | CF21: 16 | CG21: 6 | CH21: 18 | CI21: 9 | CJ21: 5 | CK21: 5 | CL21: 40 | CM21: 29 | CN21: 10 | CO21: 89 | CP21: 42 | CQ21: 2 | CR21: 46 | CS21: 7 | CT21: 4 | CU21: 3 | CV21: 43 | CW21: 4 | CX21: 3 | CY21: 2 | CZ21: 2 | DA21: 26 | DB21: 3 | DC21: 2 | DD21: 1 | DE21: 0 | DF21: 25 | DG21: 6 | DH21: 19 | DI21: 9 | DK21: =IFERROR(O21/O$12,"") -> 0.098467946 | DL21: =IFERROR(P21/P$12,"") -> 0.0625 | DM21: =IFERROR(Q21/Q$12,"") -> 0.059459459 | DN21: =IFERROR(R21/R$12,"") -> 0.14285714 | DO21: =IFERROR(S21/S$12,"") -> 0.099525341 | DP21: =IFERROR(T21/T$12,"") -> 0.076923077 | DQ21: =IFERROR(U21/U$12,"") -> 0.11111111 | DR21: =IFERROR(V21/V$12,"") -> 0 | ... HE21: =IFERROR(DI21/DI$12,"") -> 0.079646018
A22: 02021 | B22: 97*D0 | D22: 01 | E22: 0000 | F22: 11 | H22: 2022000000 | I22: 2022年平均 | J22: 0 | K22: 全国 | L22: 3 | M22: 60～64歳 | N22: 11 | O22: 542 | P22: 19 | Q22: 18 | R22: 1 | S22: 523 | T22: 1 | U22: 1 | V22: 0 | W22: 0 | X22: 42 | Y22: 77 | Z22: 11 | AA22: 1 | AB22: 3 | AC22: 1 | AD22: 1 | AE22: 2 | AF22: 3 | AG22: 5 | AH22: 0 | AI22: 4 | AJ22: 1 | AK22: 0 | AL22: 3 | AM22: 2 | AN22: 1 | AO22: 7 | AP22: 3 | AQ22: 5 | AR22: 3 | AS22: 4 | AT22: 5 | AU22: 1 | AV22: 8 | AW22: 3 | AX22: 2 | AY22: 12 | AZ22: 1 | BA22: 1 | BB22: 8 | BC22: 0 | BD22: 2 | BE22: 34 | BF22: 2 | BG22: 6 | BH22: 18 | BI22: 1 | BJ22: 0 | BK22: 2 | BL22: 3 | BM22: 1 | BN22: 84 | BO22: 27 | BP22: 4 | BQ22: 3 | BR22: 27 | BS22: 5 | BT22: 18 | BU22: 13 | BV22: 13 | BW22: 11 | BX22: 2 | BY22: 20 | BZ22: 2 | CA22: 8 | CB22: 1 | CC22: 9 | CD22: 23 | CE22: 5 | CF22: 13 | CG22: 5 | CH22: 17 | CI22: 8 | CJ22: 4 | CK22: 5 | CL22: 33 | CM22: 23 | CN22: 9 | CO22: 78 | CP22: 31 | CQ22: 2 | CR22: 45 | CS22: 5 | CT22: 3 | CU22: 2 | CV22: 43 | CW22: 4 | CX22: 2 | CY22: 2 | CZ22: 2 | DA22: 27 | DB22: 4 | DC22: 2 | DD22: 1 | DE22: 0 | DF22: 17 | DG22: 4 | DH22: 13 | DI22: 7 | DK22: =IFERROR(O22/O$12,"") -> 0.080618771 | DL22: =IFERROR(P22/P$12,"") -> 0.098958333 | DM22: =IFERROR(Q22/Q$12,"") -> 0.097297297 | DN22: =IFERROR(R22/R$12,"") -> 0.14285714 | DO22: =IFERROR(S22/S$12,"") -> 0.08007962 | DP22: =IFERROR(T22/T$12,"") -> 0.076923077 | DQ22: =IFERROR(U22/U$12,"") -> 0.11111111 | DR22: =IFERROR(V22/V$12,"") -> 0 | ... HE22: =IFERROR(DI22/DI$12,"") -> 0.061946903
A23: 02021 | B23: 97*D0 | D23: 01 | E23: 0000 | F23: 12 | H23: 2022000000 | I23: 2022年平均 | J23: 0 | K23: 全国 | L23: 3 | M23: 65歳以上 | N23: 12 | O23: 912 | P23: 101 | Q23: 99 | R23: 2 | S23: 811 | T23: 5 | U23: 4 | V23: 1 | W23: 1 | X23: 81 | Y23: 90 | Z23: 16 | AA23: 1 | AB23: 8 | AC23: 2 | AD23: 2 | AE23: 2 | AF23: 5 | AG23: 2 | AH23: 0 | AI23: 4 | AJ23: 1 | AK23: 1 | AL23: 4 | AM23: 2 | AN23: 1 | AO23: 13 | AP23: 3 | AQ23: 6 | AR23: 2 | AS23: 2 | AT23: 4 | AU23: 1 | AV23: 5 | AW23: 5 | AX23: 1 | AY23: 6 | AZ23: 0 | BA23: 0 | BB23: 3 | BC23: 0 | BD23: 2 | BE23: 41 | BF23: 1 | BG23: 14 | BH23: 20 | BI23: 1 | BJ23: 0 | BK23: 2 | BL23: 3 | BM23: 0 | BN23: 127 | BO23: 31 | BP23: 3 | BQ23: 7 | BR23: 43 | BS23: 10 | BT23: 33 | BU23: 8 | BV23: 38 | BW23: 35 | BX23: 2 | BY23: 35 | BZ23: 1 | CA23: 16 | CB23: 1 | CC23: 16 | CD23: 59 | CE23: 10 | CF23: 37 | CG23: 12 | CH23: 43 | CI23: 23 | CJ23: 10 | CK23: 11 | CL23: 34 | CM23: 18 | CN23: 17 | CO23: 104 | CP23: 33 | CQ23: 2 | CR23: 70 | CS23: 2 | CT23: 1 | CU23: 2 | CV23: 105 | CW23: 5 | CX23: 6 | CY23: 3 | CZ23: 2 | DA23: 75 | DB23: 5 | DC23: 7 | DD23: 1 | DE23: 0 | DF23: 12 | DG23: 2 | DH23: 10 | DI23: 21 | DK23: =IFERROR(O23/O$12,"") -> 0.13565373 | DL23: =IFERROR(P23/P$12,"") -> 0.52604167 | DM23: =IFERROR(Q23/Q$12,"") -> 0.53513514 | DN23: =IFERROR(R23/R$12,"") -> 0.28571429 | DO23: =IFERROR(S23/S$12,"") -> 0.124177 | DP23: =IFERROR(T23/T$12,"") -> 0.38461538 | DQ23: =IFERROR(U23/U$12,"") -> 0.44444444 | DR23: =IFERROR(V23/V$12,"") -> 0.25 | ... HE23: =IFERROR(DI23/DI$12,"") -> 0.18584071
A24: 02021 | B24: 97*D0 | D24: 01 | E24: 0000 | F24: 13 | H24: 2022000000 | I24: 2022年平均 | J24: 0 | K24: 全国 | L24: 3 | M24: 15～64歳 | N24: 13 | O24: 5810 | P24: 91 | Q24: 86 | R24: 5 | S24: 5719 | T24: 8 | U24: 5 | V24: 3 | W24: 2 | X24: 398 | Y24: 954 | Z24: 117 | AA24: 14 | AB24: 27 | AC24: 10 | AD24: 10 | AE24: 21 | AF24: 34 | AG24: 66 | AH24: 4 | AI24: 46 | AJ24: 14 | AK24: 3 | AL24: 29 | AM24: 22 | AN24: 16 | AO24: 84 | AP24: 34 | AQ24: 64 | AR24: 33 | AS24: 62 | AT24: 59 | AU24: 19 | AV24: 127 | AW24: 39 | AX24: 31 | AY24: 266 | AZ24: 20 | BA24: 8 | BB24: 183 | BC24: 20 | BD24: 35 | BE24: 310 | BF24: 25 | BG24: 28 | BH24: 181 | BI24: 4 | BJ24: 6 | BK24: 25 | BL24: 30 | BM24: 12 | BN24: 917 | BO24: 279 | BP24: 34 | BQ24: 51 | BR24: 245 | BS24: 84 | BT24: 225 | BU24: 152 | BV24: 103 | BW24: 77 | BX24: 26 | BY24: 219 | BZ24: 18 | CA24: 98 | CB24: 17 | CC24: 87 | CD24: 322 | CE24: 43 | CF24: 232 | CG24: 48 | CH24: 182 | CI24: 84 | CJ24: 35 | CK24: 63 | CL24: 315 | CM24: 222 | CN24: 93 | CO24: 803 | CP24: 399 | CQ24: 14 | CR24: 390 | CS24: 48 | CT24: 26 | CU24: 21 | CV24: 358 | CW24: 29 | CX24: 23 | CY24: 22 | CZ24: 34 | DA24: 211 | DB24: 21 | DC24: 12 | DD24: 3 | DE24: 2 | DF24: 240 | DG24: 67 | DH24: 173 | DI24: 92 | DK24: =IFERROR(O24/O$12,"") -> 0.86419753 | DL24: =IFERROR(P24/P$12,"") -> 0.47395833 | DM24: =IFERROR(Q24/Q$12,"") -> 0.46486486 | DN24: =IFERROR(R24/R$12,"") -> 0.71428571 | DO24: =IFERROR(S24/S$12,"") -> 0.87566988 | DP24: =IFERROR(T24/T$12,"") -> 0.61538462 | DQ24: =IFERROR(U24/U$12,"") -> 0.55555556 | DR24: =IFERROR(V24/V$12,"") -> 0.75 | ... HE24: =IFERROR(DI24/DI$12,"") -> 0.81415929
A25: 02021 | B25: 97*D0 | D25: 01 | E25: 0000 | F25: 14 | H25: 2022000000 | I25: 2022年平均 | J25: 0 | K25: 全国 | L25: 2 | M25: 男 | N25: 14 | O25: 3699 | P25: 118 | Q25: 113 | R25: 5 | S25: 3580 | T25: 10 | U25: 8 | V25: 3 | W25: 2 | X25: 394 | Y25: 732 | Z25: 65 | AA25: 10 | AB25: 14 | AC25: 9 | AD25: 9 | AE25: 16 | AF25: 25 | AG25: 48 | AH25: 4 | AI25: 32 | AJ25: 11 | AK25: 2 | AL25: 25 | AM25: 20 | AN25: 13 | AO25: 75 | AP25: 30 | AQ25: 58 | AR25: 24 | AS25: 45 | AT25: 45 | AU25: 15 | AV25: 109 | AW25: 26 | AX25: 26 | AY25: 195 | AZ25: 15 | BA25: 5 | BB25: 141 | BC25: 12 | BD25: 22 | BE25: 274 | BF25: 23 | BG25: 37 | BH25: 160 | BI25: 4 | BJ25: 3 | BK25: 16 | BL25: 22 | BM25: 9 | BN25: 497 | BO25: 205 | BP25: 11 | BQ25: 14 | BR25: 99 | BS25: 67 | BT25: 101 | BU25: 73 | BV25: 83 | BW25: 65 | BX25: 18 | BY25: 158 | BZ25: 12 | CA25: 61 | CB25: 11 | CC25: 74 | CD25: 145 | CE25: 23 | CF25: 106 | CG25: 16 | CH25: 89 | CI25: 31 | CJ25: 19 | CK25: 40 | CL25: 145 | CM25: 100 | CN25: 46 | CO25: 227 | CP25: 115 | CQ25: 4 | CR25: 108 | CS25: 29 | CT25: 16 | CU25: 13 | CV25: 273 | CW25: 28 | CX25: 23 | CY25: 22 | CZ25: 19 | DA25: 153 | DB25: 12 | DC25: 11 | DD25: 2 | DE25: 2 | DF25: 171 | DG25: 52 | DH25: 119 | DI25: 58 | DK25: =IFERROR(O25/O$25,"") -> 1 | DL25: =IFERROR(P25/P$25,"") -> 1 | DM25: =IFERROR(Q25/Q$25,"") -> 1 | DN25: =IFERROR(R25/R$25,"") -> 1 | DO25: =IFERROR(S25/S$25,"") -> 1 | DP25: =IFERROR(T25/T$25,"") -> 1 | DQ25: =IFERROR(U25/U$25,"") -> 1 | DR25: =IFERROR(V25/V$25,"") -> 1 | ... HE25: =IFERROR(DI25/DI$25,"") -> 1
A26: 02021 | B26: 97*D0 | D26: 01 | E26: 0000 | F26: 26 | H26: 2022000000 | I26: 2022年平均 | J26: 0 | K26: 全国 | L26: 3 | M26: 15～64歳 | N26: 26 | O26: 3161 | P26: 56 | Q26: 52 | R26: 4 | S26: 3105 | T26: 7 | U26: 5 | V26: 2 | W26: 2 | X26: 325 | Y26: 673 | Z26: 58 | AA26: 10 | AB26: 10 | AC26: 7 | AD26: 7 | AE26: 15 | AF26: 22 | AG26: 46 | AH26: 3 | AI26: 30 | AJ26: 10 | AK26: 2 | AL26: 23 | AM26: 19 | AN26: 12 | AO26: 65 | AP26: 28 | AQ26: 53 | AR26: 23 | AS26: 44 | AT26: 42 | AU26: 15 | AV26: 105 | AW26: 23 | AX26: 25 | AY26: 190 | AZ26: 14 | BA26: 5 | BB26: 138 | BC26: 12 | BD26: 20 | BE26: 239 | BF26: 22 | BG26: 24 | BH26: 144 | BI26: 3 | BJ26: 3 | BK26: 14 | BL26: 20 | BM26: 9 | BN26: 433 | BO26: 183 | BP26: 10 | BQ26: 12 | BR26: 84 | BS26: 60 | BT26: 84 | BU26: 68 | BV26: 58 | BW26: 42 | BX26: 16 | BY26: 130 | BZ26: 11 | CA26: 49 | CB26: 10 | CC26: 61 | CD26: 124 | CE26: 19 | CF26: 93 | CG26: 12 | CH26: 70 | CI26: 24 | CJ26: 13 | CK26: 33 | CL26: 127 | CM26: 89 | CN26: 38 | CO26: 192 | CP26: 99 | CQ26: 4 | CR26: 89 | CS26: 28 | CT26: 15 | CU26: 13 | CV26: 204 | CW26: 24 | CX26: 18 | CY26: 19 | CZ26: 17 | DA26: 107 | DB26: 8 | DC26: 7 | DD26: 1 | DE26: 2 | DF26: 162 | DG26: 51 | DH26: 112 | DI26: 47 | DK26: =IFERROR(O26/O$25,"") -> 0.85455529 | DL26: =IFERROR(P26/P$25,"") -> 0.47457627 | DM26: =IFERROR(Q26/Q$25,"") -> 0.46017699 | DN26: =IFERROR(R26/R$25,"") -> 0.8 | DO26: =IFERROR(S26/S$25,"") -> 0.86731844 | DP26: =IFERROR(T26/T$25,"") -> 0.7 | DQ26: =IFERROR(U26/U$25,"") -> 0.625 | DR26: =IFERROR(V26/V$25,"") -> 0.66666667 | ... HE26: =IFERROR(DI26/DI$25,"") -> 0.81034483
A27: 02021 | B27: 97*D0 | D27: 01 | E27: 0000 | F27: 15 | H27: 2022000000 | I27: 2022年平均 | J27: 0 | K27: 全国 | L27: 3 | M27: 15～19歳 | N27: 15 | O27: 51 | P27: 0 | Q27: 0 | R27: - | S27: 50 | T27: 0 | U27: 0 | V27: - | W27: - | X27: 3 | Y27: 6 | Z27: 1 | AA27: 0 | AB27: 0 | AC27: 0 | AD27: 0 | AE27: 0 | AF27: 0 | AG27: 1 | AH27: 0 | AI27: 0 | AJ27: 0 | AK27: - | AL27: 0 | AM27: 0 | AN27: 0 | AO27: 1 | AP27: 0 | AQ27: 0 | AR27: 0 | AS27: 0 | AT27: 0 | AU27: 0 | AV27: 1 | AW27: 0 | AX27: 0 | AY27: 0 | AZ27: - | BA27: - | BB27: 0 | BC27: - | BD27: 0 | BE27: 2 | BF27: 0 | BG27: 0 | BH27: 1 | BI27: 0 | BJ27: - | BK27: 0 | BL27: 0 | BM27: 0 | BN27: 13 | BO27: 1 | BP27: 0 | BQ27: 0 | BR27: 8 | BS27: 1 | BT27: 3 | BU27: 0 | BV27: 0 | BW27: 0 | BX27: 0 | BY27: 0 | BZ27: 0 | CA27: 0 | CB27: 0 | CC27: 0 | CD27: 16 | CE27: 0 | CF27: 15 | CG27: 1 | CH27: 2 | CI27: 0 | CJ27: 0 | CK27: 1 | CL27: 3 | CM27: 0 | CN27: 3 | CO27: 1 | CP27: 0 | CQ27: - | CR27: 1 | CS27: 0 | CT27: 0 | CU27: 0 | CV27: 1 | CW27: 0 | CX27: 0 | CY27: 0 | CZ27: 0 | DA27: 1 | DB27: 0 | DC27: 0 | DD27: 0 | DE27: - | DF27: 2 | DG27: 1 | DH27: 0 | DI27: 1 | DK27: =IFERROR(O27/O$25,"") -> 0.01378751 | DL27: =IFERROR(P27/P$25,"") -> 0 | DM27: =IFERROR(Q27/Q$25,"") -> 0 | DN27: =IFERROR(R27/R$25,"") | DO27: =IFERROR(S27/S$25,"") -> 0.01396648 | DP27: =IFERROR(T27/T$25,"") -> 0 | DQ27: =IFERROR(U27/U$25,"") -> 0 | DR27: =IFERROR(V27/V$25,"") | ... HE27: =IFERROR(DI27/DI$25,"") -> 0.017241379
A28: 02021 | B28: 97*D0 | D28: 01 | E28: 0000 | F28: 16 | H28: 2022000000 | I28: 2022年平均 | J28: 0 | K28: 全国 | L28: 3 | M28: 20～24歳 | N28: 16 | O28: 222 | P28: 3 | Q28: 3 | R28: 0 | S28: 219 | T28: 0 | U28: 0 | V28: 0 | W28: 0 | X28: 18 | Y28: 39 | Z28: 4 | AA28: 0 | AB28: 0 | AC28: 0 | AD28: 0 | AE28: 1 | AF28: 1 | AG28: 3 | AH28: 1 | AI28: 1 | AJ28: 0 | AK28: 0 | AL28: 1 | AM28: 1 | AN28: 0 | AO28: 4 | AP28: 2 | AQ28: 4 | AR28: 1 | AS28: 2 | AT28: 2 | AU28: 1 | AV28: 8 | AW28: 1 | AX28: 1 | AY28: 11 | AZ28: 1 | BA28: 0 | BB28: 8 | BC28: 1 | BD28: 1 | BE28: 11 | BF28: 2 | BG28: 0 | BH28: 6 | BI28: 0 | BJ28: 0 | BK28: 1 | BL28: 1 | BM28: 0 | BN28: 41 | BO28: 7 | BP28: 2 | BQ28: 1 | BR28: 16 | BS28: 5 | BT28: 10 | BU28: 3 | BV28: 3 | BW28: 2 | BX28: 1 | BY28: 5 | BZ28: 0 | CA28: 1 | CB28: 0 | CC28: 3 | CD28: 27 | CE28: 2 | CF28: 22 | CG28: 3 | CH28: 8 | CI28: 1 | CJ28: 1 | CK28: 6 | CL28: 14 | CM28: 4 | CN28: 10 | CO28: 11 | CP28: 5 | CQ28: 0 | CR28: 5 | CS28: 1 | CT28: 0 | CU28: 1 | CV28: 12 | CW28: 1 | CX28: 1 | CY28: 1 | CZ28: 1 | DA28: 7 | DB28: 0 | DC28: 0 | DD28: 0 | DE28: 0 | DF28: 10 | DG28: 5 | DH28: 5 | DI28: 4 | DK28: =IFERROR(O28/O$25,"") -> 0.060016221 | DL28: =IFERROR(P28/P$25,"") -> 0.025423729 | DM28: =IFERROR(Q28/Q$25,"") -> 0.026548673 | DN28: =IFERROR(R28/R$25,"") -> 0 | DO28: =IFERROR(S28/S$25,"") -> 0.061173184 | DP28: =IFERROR(T28/T$25,"") -> 0 | DQ28: =IFERROR(U28/U$25,"") -> 0 | DR28: =IFERROR(V28/V$25,"") -> 0 | ... HE28: =IFERROR(DI28/DI$25,"") -> 0.068965517
A29: 02021 | B29: 97*D0 | D29: 01 | E29: 0000 | F29: 17 | H29: 2022000000 | I29: 2022年平均 | J29: 0 | K29: 全国 | L29: 3 | M29: 25～29歳 | N29: 17 | O29: 295 | P29: 4 | Q29: 3 | R29: 0 | S29: 292 | T29: 1 | U29: 0 | V29: 0 | W29: 0 | X29: 26 | Y29: 64 | Z29: 6 | AA29: 1 | AB29: 1 | AC29: 0 | AD29: 1 | AE29: 1 | AF29: 1 | AG29: 4 | AH29: 1 | AI29: 2 | AJ29: 1 | AK29: 0 | AL29: 2 | AM29: 1 | AN29: 1 | AO29: 6 | AP29: 3 | AQ29: 6 | AR29: 2 | AS29: 4 | AT29: 4 | AU29: 1 | AV29: 12 | AW29: 2 | AX29: 3 | AY29: 28 | AZ29: 2 | BA29: 1 | BB29: 21 | BC29: 2 | BD29: 2 | BE29: 15 | BF29: 2 | BG29: 1 | BH29: 7 | BI29: 0 | BJ29: 0 | BK29: 1 | BL29: 2 | BM29: 0 | BN29: 37 | BO29: 14 | BP29: 1 | BQ29: 1 | BR29: 8 | BS29: 6 | BT29: 7 | BU29: 9 | BV29: 4 | BW29: 3 | BX29: 1 | BY29: 12 | BZ29: 1 | CA29: 4 | CB29: 1 | CC29: 6 | CD29: 9 | CE29: 2 | CF29: 6 | CG29: 1 | CH29: 7 | CI29: 2 | CJ29: 1 | CK29: 4 | CL29: 12 | CM29: 9 | CN29: 3 | CO29: 24 | CP29: 13 | CQ29: 0 | CR29: 11 | CS29: 2 | CT29: 1 | CU29: 1 | CV29: 18 | CW29: 1 | CX29: 2 | CY29: 2 | CZ29: 3 | DA29: 10 | DB29: 0 | DC29: 1 | DD29: - | DE29: 0 | DF29: 17 | DG29: 6 | DH29: 12 | DI29: 5 | DK29: =IFERROR(O29/O$25,"") -> 0.079751284 | DL29: =IFERROR(P29/P$25,"") -> 0.033898305 | DM29: =IFERROR(Q29/Q$25,"") -> 0.026548673 | DN29: =IFERROR(R29/R$25,"") -> 0 | DO29: =IFERROR(S29/S$25,"") -> 0.081564246 | DP29: =IFERROR(T29/T$25,"") -> 0.1 | DQ29: =IFERROR(U29/U$25,"") -> 0 | DR29: =IFERROR(V29/V$25,"") -> 0 | ... HE29: =IFERROR(DI29/DI$25,"") -> 0.086206897
A30: 02021 | B30: 97*D0 | D30: 01 | E30: 0000 | F30: 18 | H30: 2022000000 | I30: 2022年平均 | J30: 0 | K30: 全国 | L30: 3 | M30: 30～34歳 | N30: 18 | O30: 305 | P30: 5 | Q30: 5 | R30: 0 | S30: 300 | T30: 0 | U30: 0 | V30: 0 | W30: 0 | X30: 24 | Y30: 69 | Z30: 6 | AA30: 1 | AB30: 1 | AC30: 1 | AD30: 0 | AE30: 2 | AF30: 2 | AG30: 5 | AH30: 0 | AI30: 3 | AJ30: 1 | AK30: 0 | AL30: 2 | AM30: 2 | AN30: 1 | AO30: 7 | AP30: 3 | AQ30: 6 | AR30: 2 | AS30: 4 | AT30: 4 | AU30: 1 | AV30: 12 | AW30: 2 | AX30: 3 | AY30: 22 | AZ30: 2 | BA30: 0 | BB30: 17 | BC30: 2 | BD30: 2 | BE30: 18 | BF30: 3 | BG30: 1 | BH30: 9 | BI30: 0 | BJ30: 0 | BK30: 2 | BL30: 3 | BM30: 1 | BN30: 40 | BO30: 15 | BP30: 1 | BQ30: 1 | BR30: 8 | BS30: 6 | BT30: 9 | BU30: 6 | BV30: 6 | BW30: 4 | BX30: 1 | BY30: 15 | BZ30: 1 | CA30: 6 | CB30: 1 | CC30: 6 | CD30: 8 | CE30: 2 | CF30: 5 | CG30: 1 | CH30: 6 | CI30: 1 | CJ30: 1 | CK30: 4 | CL30: 14 | CM30: 11 | CN30: 3 | CO30: 23 | CP30: 12 | CQ30: 0 | CR30: 10 | CS30: 3 | CT30: 1 | CU30: 1 | CV30: 19 | CW30: 2 | CX30: 1 | CY30: 2 | CZ30: 3 | DA30: 9 | DB30: 1 | DC30: 1 | DD30: 0 | DE30: 0 | DF30: 20 | DG30: 5 | DH30: 15 | DI30: 5 | DK30: =IFERROR(O30/O$25,"") -> 0.082454717 | DL30: =IFERROR(P30/P$25,"") -> 0.042372881 | DM30: =IFERROR(Q30/Q$25,"") -> 0.044247788 | DN30: =IFERROR(R30/R$25,"") -> 0 | DO30: =IFERROR(S30/S$25,"") -> 0.083798883 | DP30: =IFERROR(T30/T$25,"") -> 0 | DQ30: =IFERROR(U30/U$25,"") -> 0 | DR30: =IFERROR(V30/V$25,"") -> 0 | ... HE30: =IFERROR(DI30/DI$25,"") -> 0.086206897
A31: 02021 | B31: 97*D0 | D31: 01 | E31: 0000 | F31: 19 | H31: 2022000000 | I31: 2022年平均 | J31: 0 | K31: 全国 | L31: 3 | M31: 35～39歳 | N31: 19 | O31: 345 | P31: 6 | Q31: 5 | R31: 1 | S31: 339 | T31: 1 | U31: 0 | V31: 0 | W31: 0 | X31: 31 | Y31: 76 | Z31: 7 | AA31: 1 | AB31: 1 | AC31: 1 | AD31: 1 | AE31: 2 | AF31: 2 | AG31: 5 | AH31: 0 | AI31: 3 | AJ31: 1 | AK31: 0 | AL31: 2 | AM31: 3 | AN31: 2 | AO31: 8 | AP31: 4 | AQ31: 6 | AR31: 3 | AS31: 5 | AT31: 4 | AU31: 1 | AV31: 12 | AW31: 3 | AX31: 2 | AY31: 25 | AZ31: 1 | BA31: 1 | BB31: 19 | BC31: 2 | BD31: 2 | BE31: 22 | BF31: 3 | BG31: 1 | BH31: 13 | BI31: 0 | BJ31: 0 | BK31: 2 | BL31: 2 | BM31: 1 | BN31: 46 | BO31: 20 | BP31: 1 | BQ31: 2 | BR31: 7 | BS31: 7 | BT31: 9 | BU31: 8 | BV31: 6 | BW31: 4 | BX31: 2 | BY31: 15 | BZ31: 1 | CA31: 7 | CB31: 1 | CC31: 6 | CD31: 11 | CE31: 2 | CF31: 8 | CG31: 1 | CH31: 9 | CI31: 4 | CJ31: 2 | CK31: 4 | CL31: 12 | CM31: 9 | CN31: 3 | CO31: 26 | CP31: 13 | CQ31: 1 | CR31: 13 | CS31: 3 | CT31: 2 | CU31: 1 | CV31: 21 | CW31: 2 | CX31: 2 | CY31: 2 | CZ31: 3 | DA31: 11 | DB31: 0 | DC31: 1 | DD31: 0 | DE31: 0 | DF31: 19 | DG31: 6 | DH31: 13 | DI31: 4 | DK31: =IFERROR(O31/O$25,"") -> 0.093268451 | DL31: =IFERROR(P31/P$25,"") -> 0.050847458 | DM31: =IFERROR(Q31/Q$25,"") -> 0.044247788 | DN31: =IFERROR(R31/R$25,"") -> 0.2 | DO31: =IFERROR(S31/S$25,"") -> 0.094692737 | DP31: =IFERROR(T31/T$25,"") -> 0.1 | DQ31: =IFERROR(U31/U$25,"") -> 0 | DR31: =IFERROR(V31/V$25,"") -> 0 | ... HE31: =IFERROR(DI31/DI$25,"") -> 0.068965517
A32: 02021 | B32: 97*D0 | D32: 01 | E32: 0000 | F32: 20 | H32: 2022000000 | I32: 2022年平均 | J32: 0 | K32: 全国 | L32: 3 | M32: 40～44歳 | N32: 20 | O32: 380 | P32: 6 | Q32: 6 | R32: 0 | S32: 374 | T32: 1 | U32: 0 | V32: 0 | W32: 0 | X32: 39 | Y32: 84 | Z32: 7 | AA32: 1 | AB32: 1 | AC32: 1 | AD32: 1 | AE32: 2 | AF32: 3 | AG32: 5 | AH32: 0 | AI32: 4 | AJ32: 2 | AK32: 0 | AL32: 3 | AM32: 2 | AN32: 2 | AO32: 8 | AP32: 3 | AQ32: 6 | AR32: 2 | AS32: 5 | AT32: 5 | AU32: 2 | AV32: 14 | AW32: 3 | AX32: 3 | AY32: 25 | AZ32: 2 | BA32: 1 | BB32: 18 | BC32: 2 | BD32: 3 | BE32: 29 | BF32: 3 | BG32: 2 | BH32: 18 | BI32: 0 | BJ32: 0 | BK32: 2 | BL32: 2 | BM32: 1 | BN32: 51 | BO32: 22 | BP32: 1 | BQ32: 1 | BR32: 8 | BS32: 8 | BT32: 10 | BU32: 7 | BV32: 8 | BW32: 6 | BX32: 2 | BY32: 16 | BZ32: 1 | CA32: 7 | CB32: 1 | CC32: 6 | CD32: 11 | CE32: 2 | CF32: 8 | CG32: 1 | CH32: 9 | CI32: 4 | CJ32: 1 | CK32: 4 | CL32: 13 | CM32: 9 | CN32: 4 | CO32: 25 | CP32: 12 | CQ32: 0 | CR32: 13 | CS32: 4 | CT32: 2 | CU32: 2 | CV32: 24 | CW32: 3 | CX32: 2 | CY32: 2 | CZ32: 2 | DA32: 12 | DB32: 1 | DC32: 1 | DD32: 0 | DE32: 0 | DF32: 21 | DG32: 7 | DH32: 14 | DI32: 5 | DK32: =IFERROR(O32/O$25,"") -> 0.10273047 | DL32: =IFERROR(P32/P$25,"") -> 0.050847458 | DM32: =IFERROR(Q32/Q$25,"") -> 0.053097345 | DN32: =IFERROR(R32/R$25,"") -> 0 | DO32: =IFERROR(S32/S$25,"") -> 0.10446927 | DP32: =IFERROR(T32/T$25,"") -> 0.1 | DQ32: =IFERROR(U32/U$25,"") -> 0 | DR32: =IFERROR(V32/V$25,"") -> 0 | ... HE32: =IFERROR(DI32/DI$25,"") -> 0.086206897
A33: 02021 | B33: 97*D0 | D33: 01 | E33: 0000 | F33: 21 | H33: 2022000000 | I33: 2022年平均 | J33: 0 | K33: 全国 | L33: 3 | M33: 45～49歳 | N33: 21 | O33: 452 | P33: 7 | Q33: 6 | R33: 1 | S33: 445 | T33: 1 | U33: 1 | V33: 0 | W33: 0 | X33: 55 | Y33: 101 | Z33: 9 | AA33: 2 | AB33: 2 | AC33: 1 | AD33: 1 | AE33: 2 | AF33: 4 | AG33: 7 | AH33: 0 | AI33: 4 | AJ33: 2 | AK33: 0 | AL33: 4 | AM33: 3 | AN33: 2 | AO33: 10 | AP33: 4 | AQ33: 8 | AR33: 4 | AS33: 7 | AT33: 6 | AU33: 2 | AV33: 15 | AW33: 2 | AX33: 5 | AY33: 26 | AZ33: 3 | BA33: 1 | BB33: 18 | BC33: 2 | BD33: 2 | BE33: 40 | BF33: 3 | BG33: 3 | BH33: 26 | BI33: 0 | BJ33: 0 | BK33: 2 | BL33: 3 | BM33: 2 | BN33: 60 | BO33: 30 | BP33: 1 | BQ33: 1 | BR33: 8 | BS33: 9 | BT33: 11 | BU33: 9 | BV33: 8 | BW33: 6 | BX33: 2 | BY33: 18 | BZ33: 1 | CA33: 7 | CB33: 1 | CC33: 8 | CD33: 14 | CE33: 3 | CF33: 10 | CG33: 1 | CH33: 9 | CI33: 3 | CJ33: 2 | CK33: 3 | CL33: 14 | CM33: 11 | CN33: 3 | CO33: 25 | CP33: 12 | CQ33: 0 | CR33: 12 | CS33: 4 | CT33: 3 | CU33: 2 | CV33: 29 | CW33: 4 | CX33: 4 | CY33: 3 | CZ33: 2 | DA33: 14 | DB33: 1 | DC33: 1 | DD33: 0 | DE33: 0 | DF33: 21 | DG33: 7 | DH33: 14 | DI33: 7 | DK33: =IFERROR(O33/O$25,"") -> 0.12219519 | DL33: =IFERROR(P33/P$25,"") -> 0.059322034 | DM33: =IFERROR(Q33/Q$25,"") -> 0.053097345 | DN33: =IFERROR(R33/R$25,"") -> 0.2 | DO33: =IFERROR(S33/S$25,"") -> 0.12430168 | DP33: =IFERROR(T33/T$25,"") -> 0.1 | DQ33: =IFERROR(U33/U$25,"") -> 0.125 | DR33: =IFERROR(V33/V$25,"") -> 0 | ... HE33: =IFERROR(DI33/DI$25,"") -> 0.12068966
A34: 02021 | B34: 97*D0 | D34: 01 | E34: 0000 | F34: 22 | H34: 2022000000 | I34: 2022年平均 | J34: 0 | K34: 全国 | L34: 3 | M34: 50～54歳 | N34: 22 | O34: 438 | P34: 7 | Q34: 7 | R34: 1 | S34: 431 | T34: 1 | U34: 1 | V34: 0 | W34: 0 | X34: 53 | Y34: 98 | Z34: 8 | AA34: 1 | AB34: 1 | AC34: 1 | AD34: 1 | AE34: 3 | AF34: 4 | AG34: 6 | AH34: 0 | AI34: 5 | AJ34: 2 | AK34: 0 | AL34: 4 | AM34: 3 | AN34: 2 | AO34: 9 | AP34: 4 | AQ34: 7 | AR34: 3 | AS34: 7 | AT34: 7 | AU34: 3 | AV34: 13 | AW34: 4 | AX34: 4 | AY34: 23 | AZ34: 2 | BA34: 1 | BB34: 17 | BC34: 1 | BD34: 3 | BE34: 41 | BF34: 2 | BG34: 5 | BH34: 27 | BI34: 0 | BJ34: 1 | BK34: 2 | BL34: 2 | BM34: 1 | BN34: 57 | BO34: 30 | BP34: 1 | BQ34: 1 | BR34: 7 | BS34: 8 | BT34: 10 | BU34: 10 | BV34: 8 | BW34: 6 | BX34: 2 | BY34: 18 | BZ34: 2 | CA34: 7 | CB34: 1 | CC34: 9 | CD34: 12 | CE34: 3 | CF34: 8 | CG34: 1 | CH34: 8 | CI34: 3 | CJ34: 2 | CK34: 3 | CL34: 13 | CM34: 10 | CN34: 3 | CO34: 21 | CP34: 11 | CQ34: 0 | CR34: 9 | CS34: 5 | CT34: 3 | CU34: 2 | CV34: 29 | CW34: 4 | CX34: 3 | CY34: 3 | CZ34: 1 | DA34: 15 | DB34: 1 | DC34: 1 | DD34: 0 | DE34: 0 | DF34: 23 | DG34: 7 | DH34: 15 | DI34: 7 | DK34: =IFERROR(O34/O$25,"") -> 0.11841038 | DL34: =IFERROR(P34/P$25,"") -> 0.059322034 | DM34: =IFERROR(Q34/Q$25,"") -> 0.061946903 | DN34: =IFERROR(R34/R$25,"") -> 0.2 | DO34: =IFERROR(S34/S$25,"") -> 0.12039106 | DP34: =IFERROR(T34/T$25,"") -> 0.1 | DQ34: =IFERROR(U34/U$25,"") -> 0.125 | DR34: =IFERROR(V34/V$25,"") -> 0 | ... HE34: =IFERROR(DI34/DI$25,"") -> 0.12068966
A35: 02021 | B35: 97*D0 | D35: 01 | E35: 0000 | F35: 23 | H35: 2022000000 | I35: 2022年平均 | J35: 0 | K35: 全国 | L35: 3 | M35: 55～59歳 | N35: 23 | O35: 365 | P35: 7 | Q35: 6 | R35: 0 | S35: 359 | T35: 1 | U35: 1 | V35: 0 | W35: 0 | X35: 40 | Y35: 80 | Z35: 6 | AA35: 1 | AB35: 2 | AC35: 1 | AD35: 1 | AE35: 2 | AF35: 3 | AG35: 6 | AH35: 0 | AI35: 4 | AJ35: 1 | AK35: 0 | AL35: 3 | AM35: 2 | AN35: 1 | AO35: 7 | AP35: 3 | AQ35: 6 | AR35: 3 | AS35: 6 | AT35: 6 | AU35: 3 | AV35: 11 | AW35: 3 | AX35: 3 | AY35: 18 | AZ35: 2 | BA35: 1 | BB35: 13 | BC35: 0 | BD35: 3 | BE35: 34 | BF35: 2 | BG35: 6 | BH35: 21 | BI35: 1 | BJ35: 0 | BK35: 1 | BL35: 2 | BM35: 1 | BN35: 48 | BO35: 25 | BP35: 1 | BQ35: 1 | BR35: 7 | BS35: 6 | BT35: 8 | BU35: 10 | BV35: 8 | BW35: 6 | BX35: 2 | BY35: 16 | BZ35: 2 | CA35: 5 | CB35: 1 | CC35: 8 | CD35: 9 | CE35: 2 | CF35: 5 | CG35: 1 | CH35: 6 | CI35: 3 | CJ35: 2 | CK35: 2 | CL35: 16 | CM35: 13 | CN35: 3 | CO35: 18 | CP35: 10 | CQ35: 1 | CR35: 7 | CS35: 4 | CT35: 2 | CU35: 2 | CV35: 24 | CW35: 3 | CX35: 2 | CY35: 2 | CZ35: 1 | DA35: 13 | DB35: 1 | DC35: 1 | DD35: 0 | DE35: 0 | DF35: 18 | DG35: 4 | DH35: 13 | DI35: 5 | DK35: =IFERROR(O35/O$25,"") -> 0.098675318 | DL35: =IFERROR(P35/P$25,"") -> 0.059322034 | DM35: =IFERROR(Q35/Q$25,"") -> 0.053097345 | DN35: =IFERROR(R35/R$25,"") -> 0 | DO35: =IFERROR(S35/S$25,"") -> 0.10027933 | DP35: =IFERROR(T35/T$25,"") -> 0.1 | DQ35: =IFERROR(U35/U$25,"") -> 0.125 | DR35: =IFERROR(V35/V$25,"") -> 0 | ... HE35: =IFERROR(DI35/DI$25,"") -> 0.086206897
A36: 02021 | B36: 97*D0 | D36: 01 | E36: 0000 | F36: 24 | H36: 2022000000 | I36: 2022年平均 | J36: 0 | K36: 全国 | L36: 3 | M36: 60～64歳 | N36: 24 | O36: 308 | P36: 11 | Q36: 10 | R36: 1 | S36: 297 | T36: 1 | U36: 1 | V36: 0 | W36: 0 | X36: 36 | Y36: 55 | Z36: 5 | AA36: 1 | AB36: 1 | AC36: 1 | AD36: 1 | AE36: 1 | AF36: 2 | AG36: 4 | AH36: 0 | AI36: 2 | AJ36: 1 | AK36: 0 | AL36: 2 | AM36: 2 | AN36: 1 | AO36: 6 | AP36: 2 | AQ36: 5 | AR36: 2 | AS36: 3 | AT36: 4 | AU36: 1 | AV36: 7 | AW36: 2 | AX36: 2 | AY36: 10 | AZ36: 1 | BA36: 1 | BB36: 7 | BC36: 0 | BD36: 2 | BE36: 28 | BF36: 2 | BG36: 6 | BH36: 15 | BI36: 0 | BJ36: 0 | BK36: 1 | BL36: 3 | BM36: 1 | BN36: 40 | BO36: 20 | BP36: 1 | BQ36: 1 | BR36: 7 | BS36: 4 | BT36: 8 | BU36: 7 | BV36: 8 | BW36: 7 | BX36: 1 | BY36: 15 | BZ36: 1 | CA36: 5 | CB36: 1 | CC36: 8 | CD36: 8 | CE36: 2 | CF36: 5 | CG36: 1 | CH36: 6 | CI36: 2 | CJ36: 1 | CK36: 3 | CL36: 15 | CM36: 12 | CN36: 4 | CO36: 19 | CP36: 10 | CQ36: 1 | CR36: 8 | CS36: 3 | CT36: 2 | CU36: 1 | CV36: 28 | CW36: 3 | CX36: 2 | CY36: 2 | CZ36: 1 | DA36: 16 | DB36: 3 | DC36: 1 | DD36: 0 | DE36: 0 | DF36: 11 | DG36: 2 | DH36: 9 | DI36: 4 | DK36: =IFERROR(O36/O$25,"") -> 0.083265747 | DL36: =IFERROR(P36/P$25,"") -> 0.093220339 | DM36: =IFERROR(Q36/Q$25,"") -> 0.088495575 | DN36: =IFERROR(R36/R$25,"") -> 0.2 | DO36: =IFERROR(S36/S$25,"") -> 0.082960894 | DP36: =IFERROR(T36/T$25,"") -> 0.1 | DQ36: =IFERROR(U36/U$25,"") -> 0.125 | DR36: =IFERROR(V36/V$25,"") -> 0 | ... HE36: =IFERROR(DI36/DI$25,"") -> 0.068965517
A37: 02021 | B37: 97*D0 | D37: 01 | E37: 0000 | F37: 25 | H37: 2022000000 | I37: 2022年平均 | J37: 0 | K37: 全国 | L37: 3 | M37: 65歳以上 | N37: 25 | O37: 538 | P37: 62 | Q37: 61 | R37: 1 | S37: 476 | T37: 4 | U37: 3 | V37: 1 | W37: 0 | X37: 68 | Y37: 59 | Z37: 7 | AA37: 1 | AB37: 3 | AC37: 1 | AD37: 2 | AE37: 1 | AF37: 3 | AG37: 2 | AH37: 0 | AI37: 3 | AJ37: 1 | AK37: 0 | AL37: 3 | AM37: 2 | AN37: 1 | AO37: 10 | AP37: 2 | AQ37: 5 | AR37: 1 | AS37: 1 | AT37: 3 | AU37: 0 | AV37: 4 | AW37: 3 | AX37: 1 | AY37: 5 | AZ37: 0 | BA37: 0 | BB37: 3 | BC37: 0 | BD37: 2 | BE37: 35 | BF37: 1 | BG37: 13 | BH37: 16 | BI37: 1 | BJ37: 0 | BK37: 1 | BL37: 2 | BM37: 0 | BN37: 64 | BO37: 22 | BP37: 1 | BQ37: 2 | BR37: 15 | BS37: 7 | BT37: 17 | BU37: 4 | BV37: 25 | BW37: 23 | BX37: 2 | BY37: 28 | BZ37: 1 | CA37: 12 | CB37: 1 | CC37: 14 | CD37: 21 | CE37: 4 | CF37: 14 | CG37: 3 | CH37: 19 | CI37: 7 | CJ37: 5 | CK37: 7 | CL37: 18 | CM37: 11 | CN37: 7 | CO37: 36 | CP37: 16 | CQ37: 1 | CR37: 19 | CS37: 1 | CT37: 0 | CU37: 1 | CV37: 68 | CW37: 4 | CX37: 5 | CY37: 3 | CZ37: 2 | DA37: 46 | DB37: 4 | DC37: 4 | DD37: 1 | DE37: 0 | DF37: 8 | DG37: 1 | DH37: 7 | DI37: 11 | DK37: =IFERROR(O37/O$25,"") -> 0.14544471 | DL37: =IFERROR(P37/P$25,"") -> 0.52542373 | DM37: =IFERROR(Q37/Q$25,"") -> 0.53982301 | DN37: =IFERROR(R37/R$25,"") -> 0.2 | DO37: =IFERROR(S37/S$25,"") -> 0.13296089 | DP37: =IFERROR(T37/T$25,"") -> 0.4 | DQ37: =IFERROR(U37/U$25,"") -> 0.375 | DR37: =IFERROR(V37/V$25,"") -> 0.33333333 | ... HE37: =IFERROR(DI37/DI$25,"") -> 0.18965517
A38: 02021 | B38: 97*D0 | D38: 01 | E38: 0000 | F38: 27 | H38: 2022000000 | I38: 2022年平均 | J38: 0 | K38: 全国 | L38: 2 | M38: 女 | N38: 27 | O38: 3024 | P38: 74 | Q38: 73 | R38: 1 | S38: 2950 | T38: 2 | U38: 1 | V38: 1 | W38: 0 | X38: 85 | Y38: 312 | Z38: 68 | AA38: 4 | AB38: 21 | AC38: 3 | AD38: 3 | AE38: 7 | AF38: 13 | AG38: 20 | AH38: 0 | AI38: 17 | AJ38: 4 | AK38: 2 | AL38: 7 | AM38: 3 | AN38: 4 | AO38: 22 | AP38: 7 | AQ38: 12 | AR38: 11 | AS38: 19 | AT38: 18 | AU38: 5 | AV38: 23 | AW38: 17 | AX38: 6 | AY38: 77 | AZ38: 6 | BA38: 3 | BB38: 46 | BC38: 8 | BD38: 15 | BE38: 77 | BF38: 3 | BG38: 4 | BH38: 41 | BI38: 1 | BJ38: 3 | BK38: 12 | BL38: 11 | BM38: 3 | BN38: 547 | BO38: 106 | BP38: 26 | BQ38: 44 | BR38: 188 | BS38: 27 | BT38: 156 | BU38: 87 | BV38: 58 | BW38: 47 | BX38: 10 | BY38: 96 | BZ38: 7 | CA38: 53 | CB38: 7 | CC38: 29 | CD38: 236 | CE38: 30 | CF38: 162 | CG38: 44 | CH38: 136 | CI38: 76 | CJ38: 26 | CK38: 34 | CL38: 204 | CM38: 140 | CN38: 64 | CO38: 680 | CP38: 317 | CQ38: 11 | CR38: 352 | CS38: 21 | CT38: 11 | CU38: 9 | CV38: 190 | CW38: 6 | CX38: 6 | CY38: 4 | CZ38: 17 | DA38: 133 | DB38: 14 | DC38: 8 | DD38: 2 | DE38: 1 | DF38: 81 | DG38: 17 | DH38: 64 | DI38: 55 | DK38: =IFERROR(O38/O$38,"") -> 1 | DL38: =IFERROR(P38/P$38,"") -> 1 | DM38: =IFERROR(Q38/Q$38,"") -> 1 | DN38: =IFERROR(R38/R$38,"") -> 1 | DO38: =IFERROR(S38/S$38,"") -> 1 | DP38: =IFERROR(T38/T$38,"") -> 1 | DQ38: =IFERROR(U38/U$38,"") -> 1 | DR38: =IFERROR(V38/V$38,"") -> 1 | ... HE38: =IFERROR(DI38/DI$38,"") -> 1
A39: 02021 | B39: 97*D0 | D39: 01 | E39: 0000 | F39: 39 | H39: 2022000000 | I39: 2022年平均 | J39: 0 | K39: 全国 | L39: 3 | M39: 15～64歳 | N39: 39 | O39: 2649 | P39: 35 | Q39: 34 | R39: 1 | S39: 2614 | T39: 1 | U39: 1 | V39: 1 | W39: 0 | X39: 72 | Y39: 282 | Z39: 59 | AA39: 4 | AB39: 17 | AC39: 3 | AD39: 2 | AE39: 6 | AF39: 11 | AG39: 20 | AH39: 0 | AI39: 16 | AJ39: 4 | AK39: 2 | AL39: 6 | AM39: 3 | AN39: 3 | AO39: 19 | AP39: 6 | AQ39: 11 | AR39: 11 | AS39: 19 | AT39: 17 | AU39: 5 | AV39: 22 | AW39: 16 | AX39: 6 | AY39: 76 | AZ39: 6 | BA39: 3 | BB39: 45 | BC39: 8 | BD39: 14 | BE39: 71 | BF39: 3 | BG39: 4 | BH39: 37 | BI39: 1 | BJ39: 3 | BK39: 11 | BL39: 10 | BM39: 3 | BN39: 485 | BO39: 96 | BP39: 23 | BQ39: 40 | BR39: 161 | BS39: 24 | BT39: 141 | BU39: 84 | BV39: 44 | BW39: 35 | BX39: 10 | BY39: 89 | BZ39: 7 | CA39: 49 | CB39: 7 | CC39: 26 | CD39: 198 | CE39: 23 | CF39: 140 | CG39: 35 | CH39: 112 | CI39: 60 | CJ39: 22 | CK39: 31 | CL39: 188 | CM39: 133 | CN39: 54 | CO39: 612 | CP39: 300 | CQ39: 10 | CR39: 301 | CS39: 20 | CT39: 11 | CU39: 9 | CV39: 153 | CW39: 5 | CX39: 4 | CY39: 4 | CZ39: 17 | DA39: 104 | DB39: 12 | DC39: 5 | DD39: 2 | DE39: 1 | DF39: 77 | DG39: 16 | DH39: 61 | DI39: 45 | DK39: =IFERROR(O39/O$38,"") -> 0.87599206 | DL39: =IFERROR(P39/P$38,"") -> 0.47297297 | DM39: =IFERROR(Q39/Q$38,"") -> 0.46575342 | DN39: =IFERROR(R39/R$38,"") -> 1 | DO39: =IFERROR(S39/S$38,"") -> 0.88610169 | DP39: =IFERROR(T39/T$38,"") -> 0.5 | DQ39: =IFERROR(U39/U$38,"") -> 1 | DR39: =IFERROR(V39/V$38,"") -> 1 | ... HE39: =IFERROR(DI39/DI$38,"") -> 0.81818182
A40: 02021 | B40: 97*D0 | D40: 01 | E40: 0000 | F40: 28 | H40: 2022000000 | I40: 2022年平均 | J40: 0 | K40: 全国 | L40: 3 | M40: 15～19歳 | N40: 28 | O40: 55 | P40: 0 | Q40: 0 | R40: - | S40: 55 | T40: - | U40: - | V40: - | W40: - | X40: 0 | Y40: 3 | Z40: 1 | AA40: 0 | AB40: 0 | AC40: 0 | AD40: 0 | AE40: 0 | AF40: 0 | AG40: 0 | AH40: - | AI40: 0 | AJ40: 0 | AK40: 0 | AL40: 0 | AM40: 0 | AN40: 0 | AO40: 0 | AP40: 0 | AQ40: 0 | AR40: 0 | AS40: 0 | AT40: 0 | AU40: 0 | AV40: 1 | AW40: 0 | AX40: 0 | AY40: 0 | AZ40: 0 | BA40: 0 | BB40: 0 | BC40: 0 | BD40: - | BE40: 1 | BF40: 0 | BG40: - | BH40: 0 | BI40: 0 | BJ40: - | BK40: - | BL40: 0 | BM40: - | BN40: 17 | BO40: 0 | BP40: 1 | BQ40: 1 | BR40: 11 | BS40: 0 | BT40: 4 | BU40: 0 | BV40: 0 | BW40: 0 | BX40: 0 | BY40: 0 | BZ40: - | CA40: 0 | CB40: - | CC40: 0 | CD40: 23 | CE40: 1 | CF40: 21 | CG40: 1 | CH40: 2 | CI40: 0 | CJ40: 0 | CK40: 1 | CL40: 3 | CM40: 0 | CN40: 2 | CO40: 2 | CP40: 1 | CQ40: 0 | CR40: 1 | CS40: 0 | CT40: 0 | CU40: 0 | CV40: 1 | CW40: 0 | CX40: - | CY40: 0 | CZ40: 0 | DA40: 1 | DB40: 0 | DC40: - | DD40: 0 | DE40: - | DF40: 0 | DG40: 0 | DH40: 0 | DI40: 1 | DK40: =IFERROR(O40/O$38,"") -> 0.018187831 | DL40: =IFERROR(P40/P$38,"") -> 0 | DM40: =IFERROR(Q40/Q$38,"") -> 0 | DN40: =IFERROR(R40/R$38,"") | DO40: =IFERROR(S40/S$38,"") -> 0.018644068 | DP40: =IFERROR(T40/T$38,"") | DQ40: =IFERROR(U40/U$38,"") | DR40: =IFERROR(V40/V$38,"") | ... HE40: =IFERROR(DI40/DI$38,"") -> 0.018181818
A41: 02021 | B41: 97*D0 | D41: 01 | E41: 0000 | F41: 29 | H41: 2022000000 | I41: 2022年平均 | J41: 0 | K41: 全国 | L41: 3 | M41: 20～24歳 | N41: 29 | O41: 219 | P41: 1 | Q41: 1 | R41: 0 | S41: 218 | T41: - | U41: - | V41: - | W41: - | X41: 3 | Y41: 20 | Z41: 5 | AA41: 0 | AB41: 1 | AC41: 0 | AD41: 0 | AE41: 0 | AF41: 1 | AG41: 1 | AH41: 0 | AI41: 1 | AJ41: 0 | AK41: - | AL41: 0 | AM41: 0 | AN41: 0 | AO41: 1 | AP41: 1 | AQ41: 1 | AR41: 0 | AS41: 1 | AT41: 1 | AU41: 0 | AV41: 3 | AW41: 1 | AX41: 0 | AY41: 7 | AZ41: 0 | BA41: 0 | BB41: 5 | BC41: 1 | BD41: 1 | BE41: 4 | BF41: 0 | BG41: 0 | BH41: 2 | BI41: 0 | BJ41: 0 | BK41: 0 | BL41: 1 | BM41: 0 | BN41: 44 | BO41: 5 | BP41: 1 | BQ41: 5 | BR41: 17 | BS41: 3 | BT41: 13 | BU41: 5 | BV41: 2 | BW41: 1 | BX41: 1 | BY41: 5 | BZ41: 0 | CA41: 2 | CB41: 1 | CC41: 3 | CD41: 33 | CE41: 3 | CF41: 27 | CG41: 3 | CH41: 12 | CI41: 6 | CJ41: 1 | CK41: 5 | CL41: 17 | CM41: 9 | CN41: 8 | CO41: 43 | CP41: 25 | CQ41: 0 | CR41: 17 | CS41: 1 | CT41: 1 | CU41: 1 | CV41: 9 | CW41: 0 | CX41: 0 | CY41: 0 | CZ41: 1 | DA41: 7 | DB41: 0 | DC41: 0 | DD41: 0 | DE41: 0 | DF41: 5 | DG41: 2 | DH41: 4 | DI41: 5 | DK41: =IFERROR(O41/O$38,"") -> 0.072420635 | DL41: =IFERROR(P41/P$38,"") -> 0.013513514 | DM41: =IFERROR(Q41/Q$38,"") -> 0.01369863 | DN41: =IFERROR(R41/R$38,"") -> 0 | DO41: =IFERROR(S41/S$38,"") -> 0.073898305 | DP41: =IFERROR(T41/T$38,"") | DQ41: =IFERROR(U41/U$38,"") | DR41: =IFERROR(V41/V$38,"") | ... HE41: =IFERROR(DI41/DI$38,"") -> 0.090909091
A42: 02021 | B42: 97*D0 | D42: 01 | E42: 0000 | F42: 30 | H42: 2022000000 | I42: 2022年平均 | J42: 0 | K42: 全国 | L42: 3 | M42: 25～29歳 | N42: 30 | O42: 263 | P42: 2 | Q42: 2 | R42: 0 | S42: 261 | T42: 0 | U42: - | V42: 0 | W42: 0 | X42: 6 | Y42: 27 | Z42: 6 | AA42: 1 | AB42: 1 | AC42: 0 | AD42: 0 | AE42: 1 | AF42: 1 | AG42: 2 | AH42: 0 | AI42: 1 | AJ42: 0 | AK42: 0 | AL42: 0 | AM42: 1 | AN42: 0 | AO42: 2 | AP42: 1 | AQ42: 1 | AR42: 1 | AS42: 2 | AT42: 2 | AU42: 1 | AV42: 2 | AW42: 2 | AX42: 1 | AY42: 15 | AZ42: 1 | BA42: 0 | BB42: 10 | BC42: 2 | BD42: 2 | BE42: 7 | BF42: 1 | BG42: 0 | BH42: 3 | BI42: 0 | BJ42: 1 | BK42: 1 | BL42: 1 | BM42: 0 | BN42: 44 | BO42: 11 | BP42: 1 | BQ42: 5 | BR42: 9 | BS42: 3 | BT42: 14 | BU42: 11 | BV42: 4 | BW42: 3 | BX42: 1 | BY42: 11 | BZ42: 1 | CA42: 5 | CB42: 1 | CC42: 4 | CD42: 12 | CE42: 3 | CF42: 7 | CG42: 2 | CH42: 11 | CI42: 5 | CJ42: 2 | CK42: 4 | CL42: 18 | CM42: 14 | CN42: 4 | CO42: 63 | CP42: 36 | CQ42: 1 | CR42: 26 | CS42: 1 | CT42: 1 | CU42: 1 | CV42: 15 | CW42: 0 | CX42: 0 | CY42: 0 | CZ42: 4 | DA42: 10 | DB42: 1 | DC42: 0 | DD42: 0 | DE42: - | DF42: 10 | DG42: 2 | DH42: 7 | DI42: 4 | DK42: =IFERROR(O42/O$38,"") -> 0.086970899 | DL42: =IFERROR(P42/P$38,"") -> 0.027027027 | DM42: =IFERROR(Q42/Q$38,"") -> 0.02739726 | DN42: =IFERROR(R42/R$38,"") -> 0 | DO42: =IFERROR(S42/S$38,"") -> 0.088474576 | DP42: =IFERROR(T42/T$38,"") -> 0 | DQ42: =IFERROR(U42/U$38,"") | DR42: =IFERROR(V42/V$38,"") -> 0 | ... HE42: =IFERROR(DI42/DI$38,"") -> 0.072727273
A43: 02021 | B43: 97*D0 | D43: 01 | E43: 0000 | F43: 31 | H43: 2022000000 | I43: 2022年平均 | J43: 0 | K43: 全国 | L43: 3 | M43: 30～34歳 | N43: 31 | O43: 247 | P43: 2 | Q43: 2 | R43: 0 | S43: 245 | T43: 0 | U43: - | V43: 0 | W43: - | X43: 6 | Y43: 26 | Z43: 5 | AA43: 0 | AB43: 2 | AC43: 0 | AD43: 0 | AE43: 1 | AF43: 1 | AG43: 2 | AH43: 0 | AI43: 1 | AJ43: 0 | AK43: 0 | AL43: 0 | AM43: 0 | AN43: 0 | AO43: 1 | AP43: 1 | AQ43: 1 | AR43: 1 | AS43: 1 | AT43: 1 | AU43: 0 | AV43: 3 | AW43: 2 | AX43: 1 | AY43: 13 | AZ43: 1 | BA43: 0 | BB43: 8 | BC43: 2 | BD43: 2 | BE43: 6 | BF43: 1 | BG43: 0 | BH43: 3 | BI43: 0 | BJ43: 1 | BK43: 1 | BL43: 1 | BM43: 0 | BN43: 41 | BO43: 10 | BP43: 1 | BQ43: 4 | BR43: 10 | BS43: 2 | BT43: 13 | BU43: 8 | BV43: 5 | BW43: 3 | BX43: 1 | BY43: 10 | BZ43: 1 | CA43: 6 | CB43: 1 | CC43: 3 | CD43: 13 | CE43: 2 | CF43: 9 | CG43: 2 | CH43: 11 | CI43: 5 | CJ43: 2 | CK43: 4 | CL43: 17 | CM43: 14 | CN43: 3 | CO43: 58 | CP43: 32 | CQ43: 1 | CR43: 25 | CS43: 2 | CT43: 1 | CU43: 1 | CV43: 15 | CW43: 0 | CX43: 0 | CY43: 0 | CZ43: 3 | DA43: 10 | DB43: 1 | DC43: 0 | DD43: 0 | DE43: 0 | DF43: 8 | DG43: 1 | DH43: 7 | DI43: 4 | DK43: =IFERROR(O43/O$38,"") -> 0.081679894 | DL43: =IFERROR(P43/P$38,"") -> 0.027027027 | DM43: =IFERROR(Q43/Q$38,"") -> 0.02739726 | DN43: =IFERROR(R43/R$38,"") -> 0 | DO43: =IFERROR(S43/S$38,"") -> 0.083050847 | DP43: =IFERROR(T43/T$38,"") -> 0 | DQ43: =IFERROR(U43/U$38,"") | DR43: =IFERROR(V43/V$38,"") -> 0 | ... HE43: =IFERROR(DI43/DI$38,"") -> 0.072727273
A44: 02021 | B44: 97*D0 | D44: 01 | E44: 0000 | F44: 32 | H44: 2022000000 | I44: 2022年平均 | J44: 0 | K44: 全国 | L44: 3 | M44: 35～39歳 | N44: 32 | O44: 274 | P44: 3 | Q44: 3 | R44: 0 | S44: 271 | T44: 0 | U44: 0 | V44: 0 | W44: - | X44: 8 | Y44: 29 | Z44: 5 | AA44: 0 | AB44: 2 | AC44: 0 | AD44: 0 | AE44: 1 | AF44: 1 | AG44: 3 | AH44: - | AI44: 2 | AJ44: 1 | AK44: 0 | AL44: 1 | AM44: 0 | AN44: 0 | AO44: 2 | AP44: 1 | AQ44: 1 | AR44: 1 | AS44: 2 | AT44: 2 | AU44: 0 | AV44: 2 | AW44: 2 | AX44: 0 | AY44: 11 | AZ44: 1 | BA44: 1 | BB44: 6 | BC44: 1 | BD44: 2 | BE44: 7 | BF44: 1 | BG44: 0 | BH44: 3 | BI44: 0 | BJ44: 1 | BK44: 1 | BL44: 1 | BM44: 0 | BN44: 47 | BO44: 11 | BP44: 2 | BQ44: 5 | BR44: 13 | BS44: 3 | BT44: 14 | BU44: 9 | BV44: 5 | BW44: 3 | BX44: 1 | BY44: 12 | BZ44: 1 | CA44: 7 | CB44: 1 | CC44: 3 | CD44: 16 | CE44: 2 | CF44: 11 | CG44: 3 | CH44: 12 | CI44: 7 | CJ44: 2 | CK44: 3 | CL44: 18 | CM44: 14 | CN44: 5 | CO44: 67 | CP44: 34 | CQ44: 1 | CR44: 32 | CS44: 2 | CT44: 1 | CU44: 1 | CV44: 15 | CW44: 0 | CX44: 0 | CY44: 0 | CZ44: 2 | DA44: 10 | DB44: 1 | DC44: 0 | DD44: 0 | DE44: 0 | DF44: 7 | DG44: 1 | DH44: 6 | DI44: 4 | DK44: =IFERROR(O44/O$38,"") -> 0.090608466 | DL44: =IFERROR(P44/P$38,"") -> 0.040540541 | DM44: =IFERROR(Q44/Q$38,"") -> 0.04109589 | DN44: =IFERROR(R44/R$38,"") -> 0 | DO44: =IFERROR(S44/S$38,"") -> 0.091864407 | DP44: =IFERROR(T44/T$38,"") -> 0 | DQ44: =IFERROR(U44/U$38,"") -> 0 | DR44: =IFERROR(V44/V$38,"") -> 0 | ... HE44: =IFERROR(DI44/DI$38,"") -> 0.072727273
A45: 02021 | B45: 97*D0 | D45: 01 | E45: 0000 | F45: 33 | H45: 2022000000 | I45: 2022年平均 | J45: 0 | K45: 全国 | L45: 3 | M45: 40～44歳 | N45: 33 | O45: 314 | P45: 4 | Q45: 4 | R45: 0 | S45: 310 | T45: 0 | U45: 0 | V45: 0 | W45: - | X45: 9 | Y45: 36 | Z45: 6 | AA45: 1 | AB45: 2 | AC45: 0 | AD45: 0 | AE45: 1 | AF45: 2 | AG45: 3 | AH45: 0 | AI45: 2 | AJ45: 1 | AK45: 0 | AL45: 1 | AM45: 0 | AN45: 0 | AO45: 2 | AP45: 1 | AQ45: 1 | AR45: 1 | AS45: 3 | AT45: 2 | AU45: 1 | AV45: 3 | AW45: 3 | AX45: 1 | AY45: 9 | AZ45: 1 | BA45: 0 | BB45: 5 | BC45: 1 | BD45: 1 | BE45: 9 | BF45: 0 | BG45: 0 | BH45: 5 | BI45: 0 | BJ45: 0 | BK45: 1 | BL45: 1 | BM45: 0 | BN45: 54 | BO45: 12 | BP45: 2 | BQ45: 5 | BR45: 15 | BS45: 3 | BT45: 17 | BU45: 9 | BV45: 5 | BW45: 4 | BX45: 1 | BY45: 12 | BZ45: 1 | CA45: 7 | CB45: 1 | CC45: 3 | CD45: 20 | CE45: 2 | CF45: 14 | CG45: 4 | CH45: 13 | CI45: 8 | CJ45: 2 | CK45: 3 | CL45: 21 | CM45: 16 | CN45: 5 | CO45: 77 | CP45: 40 | CQ45: 1 | CR45: 36 | CS45: 2 | CT45: 1 | CU45: 1 | CV45: 18 | CW45: 1 | CX45: 1 | CY45: 1 | CZ45: 2 | DA45: 12 | DB45: 2 | DC45: 1 | DD45: 0 | DE45: 0 | DF45: 9 | DG45: 1 | DH45: 7 | DI45: 5 | DK45: =IFERROR(O45/O$38,"") -> 0.10383598 | DL45: =IFERROR(P45/P$38,"") -> 0.054054054 | DM45: =IFERROR(Q45/Q$38,"") -> 0.054794521 | DN45: =IFERROR(R45/R$38,"") -> 0 | DO45: =IFERROR(S45/S$38,"") -> 0.10508475 | DP45: =IFERROR(T45/T$38,"") -> 0 | DQ45: =IFERROR(U45/U$38,"") -> 0 | DR45: =IFERROR(V45/V$38,"") -> 0 | ... HE45: =IFERROR(DI45/DI$38,"") -> 0.090909091
A46: 02021 | B46: 97*D0 | D46: 01 | E46: 0000 | F46: 34 | H46: 2022000000 | I46: 2022年平均 | J46: 0 | K46: 全国 | L46: 3 | M46: 45～49歳 | N46: 34 | O46: 378 | P46: 5 | Q46: 5 | R46: 0 | S46: 373 | T46: 0 | U46: 0 | V46: 0 | W46: 0 | X46: 13 | Y46: 44 | Z46: 8 | AA46: 1 | AB46: 2 | AC46: 0 | AD46: 0 | AE46: 1 | AF46: 2 | AG46: 4 | AH46: 0 | AI46: 3 | AJ46: 0 | AK46: 0 | AL46: 1 | AM46: 0 | AN46: 1 | AO46: 3 | AP46: 1 | AQ46: 2 | AR46: 2 | AS46: 3 | AT46: 3 | AU46: 1 | AV46: 3 | AW46: 2 | AX46: 1 | AY46: 8 | AZ46: 1 | BA46: 0 | BB46: 4 | BC46: 1 | BD46: 2 | BE46: 11 | BF46: 0 | BG46: 1 | BH46: 6 | BI46: 0 | BJ46: 0 | BK46: 2 | BL46: 1 | BM46: 1 | BN46: 68 | BO46: 15 | BP46: 3 | BQ46: 5 | BR46: 21 | BS46: 3 | BT46: 21 | BU46: 11 | BV46: 6 | BW46: 5 | BX46: 2 | BY46: 14 | BZ46: 1 | CA46: 8 | CB46: 1 | CC46: 4 | CD46: 24 | CE46: 3 | CF46: 16 | CG46: 5 | CH46: 14 | CI46: 8 | CJ46: 3 | CK46: 3 | CL46: 26 | CM46: 20 | CN46: 7 | CO46: 88 | CP46: 43 | CQ46: 2 | CR46: 43 | CS46: 3 | CT46: 2 | CU46: 1 | CV46: 23 | CW46: 1 | CX46: 1 | CY46: 1 | CZ46: 2 | DA46: 15 | DB46: 2 | DC46: 1 | DD46: 0 | DE46: 0 | DF46: 12 | DG46: 2 | DH46: 9 | DI46: 7 | DK46: =IFERROR(O46/O$38,"") -> 0.125 | DL46: =IFERROR(P46/P$38,"") -> 0.067567568 | DM46: =IFERROR(Q46/Q$38,"") -> 0.068493151 | DN46: =IFERROR(R46/R$38,"") -> 0 | DO46: =IFERROR(S46/S$38,"") -> 0.12644068 | DP46: =IFERROR(T46/T$38,"") -> 0 | DQ46: =IFERROR(U46/U$38,"") -> 0 | DR46: =IFERROR(V46/V$38,"") -> 0 | ... HE46: =IFERROR(DI46/DI$38,"") -> 0.12727273
A47: 02021 | B47: 97*D0 | D47: 01 | E47: 0000 | F47: 35 | H47: 2022000000 | I47: 2022年平均 | J47: 0 | K47: 全国 | L47: 3 | M47: 50～54歳 | N47: 35 | O47: 369 | P47: 5 | Q47: 5 | R47: 0 | S47: 364 | T47: 0 | U47: 0 | V47: 0 | W47: 0 | X47: 12 | Y47: 43 | Z47: 8 | AA47: 1 | AB47: 3 | AC47: 0 | AD47: 0 | AE47: 1 | AF47: 2 | AG47: 3 | AH47: 0 | AI47: 3 | AJ47: 1 | AK47: 0 | AL47: 1 | AM47: 0 | AN47: 1 | AO47: 3 | AP47: 1 | AQ47: 1 | AR47: 2 | AS47: 3 | AT47: 3 | AU47: 1 | AV47: 3 | AW47: 2 | AX47: 1 | AY47: 6 | AZ47: 1 | BA47: 0 | BB47: 4 | BC47: 0 | BD47: 2 | BE47: 12 | BF47: 0 | BG47: 1 | BH47: 7 | BI47: 0 | BJ47: 0 | BK47: 2 | BL47: 1 | BM47: 1 | BN47: 69 | BO47: 14 | BP47: 4 | BQ47: 4 | BR47: 24 | BS47: 3 | BT47: 20 | BU47: 13 | BV47: 6 | BW47: 5 | BX47: 1 | BY47: 11 | BZ47: 1 | CA47: 6 | CB47: 1 | CC47: 3 | CD47: 23 | CE47: 3 | CF47: 15 | CG47: 5 | CH47: 13 | CI47: 7 | CJ47: 3 | CK47: 3 | CL47: 26 | CM47: 19 | CN47: 7 | CO47: 85 | CP47: 38 | CQ47: 1 | CR47: 45 | CS47: 3 | CT47: 2 | CU47: 1 | CV47: 23 | CW47: 1 | CX47: 1 | CY47: 1 | CZ47: 2 | DA47: 16 | DB47: 1 | DC47: 1 | DD47: 0 | DE47: 0 | DF47: 12 | DG47: 2 | DH47: 10 | DI47: 6 | DK47: =IFERROR(O47/O$38,"") -> 0.12202381 | DL47: =IFERROR(P47/P$38,"") -> 0.067567568 | DM47: =IFERROR(Q47/Q$38,"") -> 0.068493151 | DN47: =IFERROR(R47/R$38,"") -> 0 | DO47: =IFERROR(S47/S$38,"") -> 0.12338983 | DP47: =IFERROR(T47/T$38,"") -> 0 | DQ47: =IFERROR(U47/U$38,"") -> 0 | DR47: =IFERROR(V47/V$38,"") -> 0 | ... HE47: =IFERROR(DI47/DI$38,"") -> 0.10909091
A48: 02021 | B48: 97*D0 | D48: 01 | E48: 0000 | F48: 36 | H48: 2022000000 | I48: 2022年平均 | J48: 0 | K48: 全国 | L48: 3 | M48: 55～59歳 | N48: 36 | O48: 296 | P48: 5 | Q48: 5 | R48: 0 | S48: 291 | T48: 0 | U48: 0 | V48: 0 | W48: 0 | X48: 8 | Y48: 32 | Z48: 8 | AA48: 1 | AB48: 2 | AC48: 0 | AD48: 0 | AE48: 1 | AF48: 1 | AG48: 2 | AH48: 0 | AI48: 2 | AJ48: 0 | AK48: 0 | AL48: 1 | AM48: 0 | AN48: 1 | AO48: 2 | AP48: 1 | AQ48: 1 | AR48: 1 | AS48: 2 | AT48: 2 | AU48: 1 | AV48: 2 | AW48: 1 | AX48: 1 | AY48: 4 | AZ48: 0 | BA48: 0 | BB48: 2 | BC48: 0 | BD48: 1 | BE48: 9 | BF48: 0 | BG48: 0 | BH48: 5 | BI48: 0 | BJ48: 0 | BK48: 1 | BL48: 1 | BM48: 0 | BN48: 55 | BO48: 10 | BP48: 4 | BQ48: 3 | BR48: 21 | BS48: 2 | BT48: 15 | BU48: 11 | BV48: 5 | BW48: 5 | BX48: 1 | BY48: 8 | BZ48: 1 | CA48: 5 | CB48: 0 | CC48: 2 | CD48: 17 | CE48: 3 | CF48: 10 | CG48: 4 | CH48: 12 | CI48: 6 | CJ48: 3 | CK48: 3 | CL48: 23 | CM48: 16 | CN48: 8 | CO48: 72 | CP48: 31 | CQ48: 1 | CR48: 39 | CS48: 3 | CT48: 2 | CU48: 1 | CV48: 19 | CW48: 1 | CX48: 1 | CY48: 0 | CZ48: 1 | DA48: 13 | DB48: 2 | DC48: 1 | DD48: 0 | DE48: 0 | DF48: 8 | DG48: 2 | DH48: 6 | DI48: 4 | DK48: =IFERROR(O48/O$38,"") -> 0.097883598 | DL48: =IFERROR(P48/P$38,"") -> 0.067567568 | DM48: =IFERROR(Q48/Q$38,"") -> 0.068493151 | DN48: =IFERROR(R48/R$38,"") -> 0 | DO48: =IFERROR(S48/S$38,"") -> 0.098644068 | DP48: =IFERROR(T48/T$38,"") -> 0 | DQ48: =IFERROR(U48/U$38,"") -> 0 | DR48: =IFERROR(V48/V$38,"") -> 0 | ... HE48: =IFERROR(DI48/DI$38,"") -> 0.072727273
A49: 02021 | B49: 97*D0 | D49: 01 | E49: 0000 | F49: 37 | H49: 2022000000 | I49: 2022年平均 | J49: 0 | K49: 全国 | L49: 3 | M49: 60～64歳 | N49: 37 | O49: 235 | P49: 8 | Q49: 8 | R49: 0 | S49: 227 | T49: 0 | U49: 0 | V49: 0 | W49: 0 | X49: 6 | Y49: 22 | Z49: 6 | AA49: 0 | AB49: 2 | AC49: 0 | AD49: 0 | AE49: 1 | AF49: 1 | AG49: 1 | AH49: - | AI49: 1 | AJ49: 0 | AK49: 0 | AL49: 1 | AM49: 0 | AN49: 0 | AO49: 2 | AP49: 0 | AQ49: 1 | AR49: 1 | AS49: 1 | AT49: 1 | AU49: 0 | AV49: 1 | AW49: 1 | AX49: 0 | AY49: 2 | AZ49: 0 | BA49: 0 | BB49: 1 | BC49: 0 | BD49: 1 | BE49: 5 | BF49: 0 | BG49: 0 | BH49: 3 | BI49: 0 | BJ49: 0 | BK49: 1 | BL49: 1 | BM49: 0 | BN49: 44 | BO49: 7 | BP49: 3 | BQ49: 2 | BR49: 20 | BS49: 1 | BT49: 10 | BU49: 7 | BV49: 5 | BW49: 5 | BX49: 0 | BY49: 5 | BZ49: 1 | CA49: 3 | CB49: 0 | CC49: 1 | CD49: 15 | CE49: 3 | CF49: 9 | CG49: 4 | CH49: 11 | CI49: 6 | CJ49: 3 | CK49: 2 | CL49: 17 | CM49: 11 | CN49: 6 | CO49: 58 | CP49: 20 | CQ49: 1 | CR49: 37 | CS49: 2 | CT49: 1 | CU49: 1 | CV49: 15 | CW49: 0 | CX49: 0 | CY49: 0 | CZ49: 1 | DA49: 11 | DB49: 2 | DC49: 1 | DD49: 0 | DE49: 0 | DF49: 6 | DG49: 1 | DH49: 5 | DI49: 4 | DK49: =IFERROR(O49/O$38,"") -> 0.07771164 | DL49: =IFERROR(P49/P$38,"") -> 0.10810811 | DM49: =IFERROR(Q49/Q$38,"") -> 0.10958904 | DN49: =IFERROR(R49/R$38,"") -> 0 | DO49: =IFERROR(S49/S$38,"") -> 0.076949153 | DP49: =IFERROR(T49/T$38,"") -> 0 | DQ49: =IFERROR(U49/U$38,"") -> 0 | DR49: =IFERROR(V49/V$38,"") -> 0 | ... HE49: =IFERROR(DI49/DI$38,"") -> 0.072727273
A50: 02021 | B50: 97*D0 | D50: 01 | E50: 0000 | F50: 38 | H50: 2022000000 | I50: 2022年平均 | J50: 0 | K50: 全国 | L50: 3 | M50: 65歳以上 | N50: 38 | O50: 375 | P50: 39 | Q50: 38 | R50: 0 | S50: 336 | T50: 1 | U50: 1 | V50: 0 | W50: 0 | X50: 13 | Y50: 31 | Z50: 9 | AA50: 0 | AB50: 5 | AC50: 0 | AD50: 1 | AE50: 1 | AF50: 1 | AG50: 1 | AH50: 0 | AI50: 1 | AJ50: 0 | AK50: 0 | AL50: 1 | AM50: 0 | AN50: 0 | AO50: 3 | AP50: 0 | AQ50: 1 | AR50: 1 | AS50: 1 | AT50: 1 | AU50: 0 | AV50: 1 | AW50: 2 | AX50: 0 | AY50: 1 | AZ50: 0 | BA50: 0 | BB50: 0 | BC50: 0 | BD50: 1 | BE50: 6 | BF50: 0 | BG50: 1 | BH50: 4 | BI50: 0 | BJ50: - | BK50: 1 | BL50: 1 | BM50: 0 | BN50: 63 | BO50: 10 | BP50: 3 | BQ50: 5 | BR50: 28 | BS50: 3 | BT50: 15 | BU50: 4 | BV50: 13 | BW50: 13 | BX50: 1 | BY50: 7 | BZ50: 0 | CA50: 4 | CB50: 0 | CC50: 3 | CD50: 38 | CE50: 6 | CF50: 23 | CG50: 9 | CH50: 24 | CI50: 16 | CJ50: 4 | CK50: 4 | CL50: 16 | CM50: 7 | CN50: 9 | CO50: 69 | CP50: 17 | CQ50: 1 | CR50: 51 | CS50: 1 | CT50: 0 | CU50: 1 | CV50: 37 | CW50: 1 | CX50: 2 | CY50: 1 | CZ50: 1 | DA50: 28 | DB50: 1 | DC50: 3 | DD50: 0 | DE50: - | DF50: 3 | DG50: 0 | DH50: 3 | DI50: 10 | DK50: =IFERROR(O50/O$38,"") -> 0.12400794 | DL50: =IFERROR(P50/P$38,"") -> 0.52702703 | DM50: =IFERROR(Q50/Q$38,"") -> 0.52054795 | DN50: =IFERROR(R50/R$38,"") -> 0 | DO50: =IFERROR(S50/S$38,"") -> 0.11389831 | DP50: =IFERROR(T50/T$38,"") -> 0.5 | DQ50: =IFERROR(U50/U$38,"") -> 1 | DR50: =IFERROR(V50/V$38,"") -> 0 | ... HE50: =IFERROR(DI50/DI$38,"") -> 0.18181818

Sheet ソース
A1: https://www.e-stat.go.jp/stat-search/files?page=1&stat_infid=000040008559
